OTU	DNA70a_100x_4	DNA70a_100x_8	DNA70a_100x_12	DNA70a_10x_4	DNA70a_10x_8	DNA70a_10x_12	DNA70a_1x_4	DNA70a_1x_8	DNA70a_1x_12	DNA80a_100x_4	DNA80a_100x_8	DNA80a_100x_12	DNA80a_10x_4	DNA80a_10x_8	DNA80a_10x_12	DNA80a_1x_4	DNA80a_1x_8	DNA80a_1x_12	BLANK	SED70a_1x_4	SED70a_1x_8	SED70a_1x_12	SED70b_1x_4	SED70b_1x_8	SED70b_1x_12	SED70c_1x_4	SED70c_1x_8	SED70c_1x_12	SED80a_1x_4	SED80a_1x_8	SED80a_1x_12	SED80b_1x_4	SED80b_1x_8	SED80b_1x_12	SED80c_1x_4	SED80c_1x_8	SED80c_1x_12	SEDNoStora_1x_0	SEDNoStorb_1x_0	SEDNoStorc_1x_0	DNANoStora_1x_0	DNANoStora_10x_0	DNANoStora_100x_0	DNANoStorb_1x_0	DNANoStorb_10x_0	DNANoStorb_100x_0	DNANoStorc_1x_0	DNANoStorc_10x_0	DNANoStorc_100x_0
OTU_1	2397	1974	1975	1093	1593	1033	1213	1072	1085	3228	1139	2858	1710	998	2953	1322	985	1765	0	800	915	812	974	901	855	894	1028	665	782	1112	489	864	1008	653	668	1057	589	534	575	618	481	0	483	356	435	1242	586	330	0
OTU_2	15633	23683	18510	21847	22434	14411	14740	17352	15857	17922	17480	25478	17862	19782	18497	11277	14774	14280	0	11701	14722	10670	11957	12221	11442	12873	12668	15287	11096	14956	10058	12393	13375	11627	8708	12783	10390	2988	3541	3504	6229	1	7416	5408	7697	10497	8144	9867	11631
OTU_3	3848	9440	7450	6050	7133	1087	3375	4266	3590	6961	6486	6972	5399	5465	8517	2174	3767	2918	0	1492	2063	1265	1676	1636	1303	1828	1920	2034	1520	2006	1303	1683	1958	1433	1074	1684	1231	997	826	899	1386	0	1926	894	1954	1968	1609	2600	3163
OTU_4	4978	5333	9090	2546	3734	2691	1472	2041	1338	4130	1554	3500	2077	2952	1144	868	1700	1196	0	1029	1627	711	1069	1102	786	997	1509	1017	1028	1412	711	993	1531	813	734	1274	820	416	451	565	463	0	1089	376	849	1585	856	1505	3401
OTU_5	2762	3600	2349	1533	2370	1257	907	1223	975	2983	1808	2984	1457	2010	1917	671	1300	966	1	1599	3096	1703	1789	2411	1750	1878	2720	2173	1495	3098	1623	1859	2977	1641	1259	2738	1491	269	413	441	312	0	937	381	1118	2029	785	1657	1717
OTU_6	11302	14234	9054	13189	16423	10343	8747	10916	11027	13066	11256	15692	9559	13703	19307	5425	10256	8277	0	6613	9335	6981	7540	8986	7380	7278	10925	9408	6734	11326	6437	7147	10352	6453	5224	8811	6447	2188	2606	2446	4250	0	5720	3543	7168	9028	5850	7030	4166
OTU_7	27318	34234	21322	28140	38701	4550	22010	31071	24936	27382	20107	34887	23009	32881	30068	12784	26586	16745	2	16509	19217	14998	17674	17832	16516	17597	19940	18959	16797	21600	13195	18408	19296	15537	13251	18397	13513	6039	6718	6370	11316	0	13402	8719	13062	20837	12780	14718	13046
OTU_8	0	728	1324	818	1043	1056	614	692	565	2	1524	1004	1129	786	1768	954	613	1224	0	735	978	531	843	860	568	1056	991	676	689	891	571	800	980	533	499	940	496	167	267	288	174	0	685	217	560	1114	560	269	0
OTU_9	1037	1193	837	101	89	52	5	8	0	1135	1951	89	77	114	2112	0	2	1	24749	4	1	0	1	1	0	0	3	2	2	1	0	6	0	3	0	2	0	1	1	0	1	0	9	0	23	348	51	125	1754
OTU_10	459	3463	704	951	1178	641	393	609	489	1231	802	1072	700	995	667	180	544	325	0	695	1406	1135	904	1359	1043	968	1906	1284	602	1446	783	933	1601	890	572	1239	800	178	336	330	191	0	587	260	833	1299	521	1024	1306
OTU_11	1350	271	646	1282	1120	637	649	622	457	2188	833	1116	1084	794	3819	680	563	557	0	426	408	292	437	274	235	474	371	282	380	395	228	452	434	278	264	332	252	132	163	182	192	0	395	166	431	1095	329	511	1361
OTU_12	996	2696	1058	709	1207	656	365	527	412	1373	1295	1204	704	897	2267	299	513	429	0	352	701	405	484	599	377	471	577	559	383	793	391	393	752	373	260	662	351	118	154	173	174	0	284	132	393	1479	294	456	326
OTU_13	1449	1063	1071	583	1057	775	279	751	400	1180	1489	1093	814	1398	528	215	545	287	0	1092	1993	1404	1381	1974	1582	1782	2483	1005	1402	2342	761	1752	2287	1063	1105	2118	756	175	397	416	136	0	646	243	707	1236	564	1087	1327
OTU_14	287	337	235	238	328	161	131	125	119	481	254	793	255	182	1109	232	157	123	0	444	1002	786	1149	1378	945	1161	1937	414	844	2136	227	1071	1214	341	575	1753	347	30	164	145	12	0	85	39	84	248	109	249	217
OTU_15	0	2242	369	272	306	410	216	269	179	636	450	1339	403	432	1	264	236	494	1	240	436	260	301	357	210	404	416	296	283	379	202	325	411	196	209	399	186	45	94	92	78	0	154	79	250	0	155	321	1531
OTU_16	566	2173	733	841	837	484	378	468	407	1754	951	889	501	786	719	183	501	251	0	200	329	197	237	277	238	236	403	321	242	397	203	208	354	232	139	284	221	141	136	132	164	0	172	115	241	0	208	278	0
OTU_17	670	995	1198	160	420	226	396	311	406	321	375	841	539	327	1234	374	381	274	0	253	185	166	404	214	295	395	353	221	299	391	93	374	316	121	81	369	240	531	561	545	176	0	136	114	115	401	159	293	0
OTU_18	1610	1390	1932	98	54	12	2	6	2	1717	1633	65	50	99	1658	2	9	2	16892	2	1	1	1	1	0	2	0	0	3	1	1	0	1	1	0	0	0	0	0	1	0	0	1	1	1	0	27	0	0
OTU_19	341	768	946	546	498	197	185	361	264	263	294	757	330	525	700	124	264	147	0	351	528	379	378	445	432	480	685	474	387	638	270	429	510	388	245	407	307	110	158	137	95	0	198	103	273	0	158	310	374
OTU_20	2055	672	70	76	6	0	0	1	2	380	182	0	62	29	1504	0	2	0	8402	1	2	0	1	0	0	0	0	0	1	1	1	1	0	0	0	0	0	0	0	0	0	1	0	0	34	57	12	1	0
OTU_21	1761	1801	402	424	550	306	108	172	132	262	373	265	251	150	444	92	173	96	1	153	250	137	155	195	147	161	321	172	115	259	147	165	256	167	84	189	145	41	63	83	66	0	154	59	220	0	127	141	0
OTU_22	2054	2	0	265	478	161	158	244	175	578	986	933	128	431	0	165	186	243	0	90	140	69	139	117	86	120	160	100	66	110	60	135	143	66	67	112	48	54	53	71	56	0	114	46	161	67	62	260	1196
OTU_23	1248	2082	154	461	514	197	313	406	390	731	149	1126	561	587	1103	217	462	309	0	169	213	133	204	175	139	199	235	306	133	231	130	168	201	154	73	183	174	175	112	140	135	0	160	61	226	234	141	158	0
OTU_24	275	197	185	0	15	41	1	1	1	510	81	43	24	42	0	0	1	0	7014	0	3	0	0	1	0	0	0	0	1	0	0	0	0	0	0	0	0	0	0	0	1	0	8	0	9	378	11	38	190
OTU_25	897	1487	715	44	80	51	0	3	1	879	225	6	42	25	1154	2	0	1	4911	0	2	1	3	2	0	1	0	0	1	1	0	0	0	0	3	1	0	1	0	0	0	0	0	0	0	0	13	0	0
OTU_26	330	482	1	225	498	300	152	203	189	0	734	579	293	371	825	124	156	224	0	72	92	75	68	98	81	85	93	116	59	113	43	81	103	69	48	95	72	59	46	58	59	0	118	41	122	242	86	359	857
OTU_27	507	465	857	329	324	238	110	145	116	877	562	719	247	125	0	42	180	58	1	135	324	167	171	247	133	152	285	192	114	332	92	125	339	117	92	295	108	57	66	75	25	0	59	27	71	659	72	132	0
OTU_28	730	451	339	47	18	9	0	3	0	383	146	70	14	51	583	0	1	1	5695	1	0	0	0	0	0	0	0	2	0	1	0	0	0	1	0	0	1	0	0	0	0	0	3	1	2	239	7	64	811
OTU_29	0	0	0	344	260	217	112	153	92	1	0	277	122	176	324	105	101	135	0	190	316	191	141	342	269	226	438	259	222	338	142	211	349	200	166	288	136	13	24	31	24	0	205	34	175	185	147	333	485
OTU_30	1	403	609	151	315	270	102	111	114	0	0	418	148	178	0	142	78	166	0	94	118	93	127	101	101	93	118	84	100	121	29	131	116	66	65	133	47	95	65	64	38	0	85	43	47	0	29	34	293
OTU_31	249	262	1	9	0	0	0	3	0	0	141	0	12	2	427	0	0	0	7323	0	0	0	0	0	0	0	0	0	0	0	0	0	0	0	0	0	0	0	0	0	0	0	2	1	11	0	0	0	194
OTU_32	0	564	365	82	183	137	168	108	106	834	162	464	265	116	431	135	148	140	0	89	91	62	85	95	77	97	138	78	75	139	39	92	96	64	51	134	43	61	55	49	54	0	57	29	50	0	58	36	0
OTU_33	0	0	0	0	0	0	0	0	0	0	0	0	0	1	0	0	0	0	7134	0	0	0	0	0	0	0	0	0	0	0	0	0	0	0	0	0	0	0	1	0	0	0	0	0	0	0	0	0	0
OTU_34	1185	0	1365	114	93	407	60	78	83	0	0	522	268	455	0	55	85	106	0	40	92	32	70	70	30	62	82	41	36	74	49	42	96	69	37	113	44	29	22	30	11	0	66	11	17	0	82	134	0
OTU_35	0	0	0	0	0	0	0	0	0	0	0	0	0	1	0	0	0	0	6883	0	0	0	0	0	0	0	0	0	0	0	0	0	0	0	0	0	0	0	0	0	0	0	0	0	0	0	0	0	0
OTU_36	297	0	1274	141	254	184	65	89	87	2	79	191	147	149	0	32	106	49	0	63	164	99	100	136	87	99	208	124	74	184	62	105	149	80	55	138	69	37	36	63	24	0	108	21	102	0	57	124	0
OTU_37	420	379	0	299	302	65	105	137	95	293	277	309	172	273	2	33	158	48	0	84	158	70	96	86	60	89	116	129	65	134	83	74	142	70	39	122	72	37	46	63	26	0	61	15	68	0	56	257	0
OTU_38	0	0	0	16	0	0	0	0	0	0	138	0	0	1	0	1	0	0	4685	0	1	0	0	0	0	0	0	0	0	0	0	0	0	0	0	0	0	0	0	0	0	0	0	0	0	0	0	0	0
OTU_39	0	1102	0	288	342	65	107	205	118	0	0	424	145	218	542	26	144	60	0	40	96	59	62	64	42	63	80	64	50	97	35	54	98	34	25	62	46	59	61	65	31	0	64	40	124	0	72	133	0
OTU_40	69	283	312	295	244	70	95	140	153	207	96	668	262	294	0	120	170	94	0	34	69	47	70	70	47	77	107	69	49	136	57	54	57	46	29	65	65	85	63	101	51	0	36	22	39	166	49	0	126
OTU_41	229	0	0	291	163	120	63	86	66	588	0	250	183	182	726	46	55	45	0	28	34	79	37	27	69	30	55	104	29	44	63	32	51	59	29	30	85	18	13	16	37	0	69	28	78	456	47	97	534
OTU_42	27	0	72	122	103	23	100	123	88	0	0	392	258	106	746	97	74	125	0	76	62	72	81	94	82	103	126	53	80	115	31	64	96	31	49	101	64	54	54	75	31	0	47	19	9	0	48	20	0
OTU_43	703	0	563	67	18	30	1	3	1	493	462	0	67	11	1003	3	1	0	0	0	0	0	0	0	1	1	1	0	0	0	0	1	1	0	1	0	0	0	0	0	0	0	12	0	0	0	7	81	0
OTU_44	0	235	0	122	140	110	48	62	37	264	282	330	112	57	0	72	71	56	0	115	188	121	163	205	137	170	259	86	134	353	47	175	224	58	86	252	59	12	41	28	10	0	53	20	49	0	51	75	0
OTU_45	403	482	0	99	252	61	44	80	29	0	253	37	29	84	522	41	49	40	0	69	171	83	108	160	92	116	225	50	90	204	39	126	190	49	84	145	49	21	32	31	15	0	47	21	27	141	38	84	0
OTU_46	554	185	0	156	181	134	180	115	113	2	0	328	283	252	1	155	135	224	0	97	130	134	110	124	123	101	170	119	97	139	50	97	136	88	64	148	75	57	58	85	66	0	99	25	53	187	77	18	625
OTU_47	291	395	0	128	313	67	82	114	98	0	328	228	33	163	353	34	134	55	0	43	92	34	40	75	45	52	82	66	50	63	43	43	76	57	35	78	47	45	39	50	45	0	99	32	53	262	48	195	0
OTU_48	0	0	0	192	159	208	96	95	75	449	343	221	210	160	0	78	75	107	0	40	71	25	45	51	29	46	48	51	37	52	31	34	53	36	21	36	24	20	9	15	35	0	63	25	84	180	29	62	0
OTU_49	179	400	106	46	297	227	37	71	66	0	244	472	48	228	0	36	73	39	0	25	38	14	13	30	15	27	38	32	9	38	24	25	35	31	10	23	18	12	11	13	18	0	39	18	29	0	38	53	716
OTU_50	775	0	304	35	60	0	28	58	31	576	0	205	88	85	0	40	60	44	0	35	69	30	45	55	42	65	76	46	45	77	46	48	62	32	35	52	43	3	6	25	8	0	60	19	56	0	37	199	0
OTU_51	0	238	374	0	0	0	0	0	0	145	110	0	0	1	0	0	0	0	2751	0	1	0	0	0	0	0	0	0	0	0	1	0	0	0	0	0	0	0	0	0	1	0	0	0	0	61	1	26	0
OTU_52	0	0	0	0	0	0	0	0	0	0	0	0	0	2	0	0	0	0	3288	0	0	0	0	0	0	0	0	0	0	0	0	0	0	0	0	0	0	0	0	0	0	0	0	0	0	0	0	0	0
OTU_53	749	357	0	183	28	52	21	57	49	298	338	157	69	72	393	9	75	17	0	25	27	15	23	27	11	6	36	15	10	25	18	17	39	10	12	20	9	20	8	17	13	0	19	4	20	228	17	0	0
OTU_54	1	2	0	24	217	33	54	65	83	0	309	105	42	87	0	51	48	78	0	51	87	18	45	44	44	56	77	31	48	62	21	42	80	34	34	66	29	27	28	36	30	0	16	17	34	0	44	67	0
OTU_55	0	223	640	39	40	34	15	26	16	301	0	56	31	0	0	19	22	11	0	42	86	42	78	77	52	85	140	29	58	151	12	72	109	20	29	142	20	5	21	19	5	0	27	12	28	0	19	0	245
OTU_56	1351	0	0	36	10	33	5	21	12	0	510	0	0	20	0	1	8	11	0	8	24	7	21	8	10	22	13	23	12	17	7	12	25	8	4	18	2	5	4	9	2	0	42	2	0	0	6	0	0
OTU_58	0	353	0	114	93	95	9	23	12	0	0	101	94	12	400	10	25	6	0	25	78	59	36	84	62	43	134	35	23	118	28	41	118	35	11	86	24	18	26	32	6	0	33	7	73	0	21	41	0
OTU_59	643	0	0	0	9	26	0	0	0	749	0	37	6	0	383	0	0	0	0	0	0	0	0	0	0	0	0	0	0	0	0	0	0	0	0	0	0	1	1	2	0	0	0	0	3	94	1	40	0
OTU_60	665	0	0	111	55	75	14	45	21	1	0	160	22	139	0	33	38	22	0	14	25	9	17	26	8	15	41	16	14	26	7	15	29	4	11	12	3	6	9	10	6	0	15	8	15	0	12	55	0
OTU_62	1051	0	0	17	0	0	10	5	6	0	0	0	0	0	0	10	6	12	0	2	5	1	5	3	0	1	4	2	1	4	0	3	4	4	1	2	1	1	0	3	3	0	7	2	0	0	6	0	0
OTU_63	0	286	368	102	27	56	22	48	23	0	0	63	18	0	0	14	28	23	0	16	42	22	29	30	24	38	32	18	19	52	30	15	40	24	10	28	15	13	16	14	12	0	17	7	13	0	17	6	0
OTU_64	1491	0	0	0	0	0	0	1	0	0	0	0	0	11	0	0	2	0	0	0	0	1	0	0	0	0	0	0	1	0	0	0	1	0	0	0	0	0	0	0	0	0	0	0	0	0	0	0	0
OTU_65	0	0	0	123	157	107	26	47	31	1	0	14	46	0	0	11	15	29	1	17	45	16	28	55	34	33	47	43	28	53	15	26	53	28	22	41	33	5	6	13	12	0	16	12	27	117	17	0	0
OTU_66	0	455	0	23	87	60	31	20	10	0	0	137	74	11	0	18	16	22	0	8	5	6	11	12	7	7	22	8	7	14	10	8	21	3	3	12	7	7	11	13	7	0	8	7	9	0	10	0	0
OTU_67	0	0	0	37	0	25	1	23	17	0	0	0	19	59	669	1	15	4	0	11	41	13	18	20	15	18	33	16	10	26	9	18	35	13	7	37	9	5	8	5	1	0	9	3	29	0	3	9	0
OTU_68	0	570	0	11	56	0	28	39	33	0	0	100	14	31	0	13	36	21	0	10	10	16	12	20	9	12	28	24	17	22	6	16	24	15	7	11	13	9	11	16	21	0	27	11	15	0	19	34	0
OTU_69	0	0	0	29	249	28	33	25	24	0	0	140	73	50	0	15	26	22	0	18	15	8	6	30	16	14	26	20	16	26	6	15	23	12	9	22	12	24	19	14	11	0	15	5	2	0	14	45	0
OTU_70	1	0	188	247	179	113	63	129	72	255	932	276	117	163	0	22	110	26	0	27	67	29	38	38	32	31	72	52	23	65	33	37	65	32	23	34	39	28	42	33	36	0	48	19	57	0	50	147	0
OTU_71	270	93	149	32	75	38	16	30	48	1	0	135	54	66	0	16	50	16	0	9	23	4	14	17	13	18	36	12	13	25	13	17	16	5	7	19	20	0	1	1	11	0	17	3	30	59	26	11	0
OTU_72	0	0	0	17	113	98	12	18	25	0	395	55	35	0	0	1	19	10	0	6	20	10	11	3	5	8	12	6	7	16	3	10	15	4	4	13	7	9	5	9	11	0	11	4	6	0	22	0	0
OTU_73	0	0	0	0	0	0	1	3	5	0	0	22	9	9	0	0	1	4	0	0	5	1	0	5	3	1	15	2	1	6	2	3	4	1	1	3	4	0	1	2	0	0	4	2	8	0	3	0	867
OTU_74	916	0	0	0	0	0	0	0	0	0	223	0	0	0	0	0	0	0	0	0	0	0	1	0	0	0	0	0	0	0	0	0	0	0	0	0	0	0	0	0	0	0	0	0	0	0	0	0	0
OTU_75	0	0	0	42	0	0	13	15	12	0	0	0	34	100	0	3	11	3	1	28	84	35	25	54	30	28	60	41	22	68	10	31	76	17	10	61	21	10	5	12	7	0	17	2	19	1	14	0	1
OTU_76	0	0	280	97	36	55	19	7	14	0	0	127	20	96	0	7	15	11	0	11	15	7	8	15	7	6	12	18	9	17	16	8	9	18	2	13	5	10	7	4	3	0	2	1	24	0	5	17	0
OTU_77	0	0	839	0	0	0	0	0	7	0	0	37	0	0	0	0	4	1	0	0	2	3	0	2	0	0	1	1	2	3	0	0	7	3	0	4	0	0	2	1	0	0	11	0	0	0	3	0	0
OTU_78	0	0	0	0	1	44	7	4	12	0	254	0	35	50	5	18	10	11	0	9	19	9	12	12	20	17	17	7	14	19	22	16	23	15	7	12	8	5	8	9	2	0	3	7	21	0	6	74	0
OTU_79	1	247	0	28	26	28	23	21	20	0	23	71	67	27	0	26	21	37	0	20	17	16	33	11	10	36	33	14	23	20	5	33	25	8	14	21	20	16	31	25	10	0	10	9	0	0	13	8	0
OTU_80	0	0	1	0	0	0	0	0	1	199	0	0	0	0	756	0	3	0	0	0	2	0	0	0	0	0	0	0	1	1	0	0	2	0	0	0	0	0	0	0	0	0	0	0	0	0	1	0	1
OTU_81	0	0	0	71	107	42	20	43	37	0	0	132	37	53	0	13	52	7	0	11	22	17	18	28	25	19	32	20	13	41	22	26	30	19	11	22	14	20	19	22	15	0	8	2	3	0	25	0	0
OTU_82	557	0	0	31	37	0	2	15	3	0	0	0	40	29	0	2	9	2	0	6	24	5	5	13	3	4	21	3	0	13	3	6	12	6	1	9	6	3	3	15	0	0	26	4	0	0	5	0	0
OTU_83	0	0	0	16	22	12	4	17	15	327	0	52	37	132	1	8	15	9	0	2	9	4	5	8	8	8	22	7	13	16	8	10	22	9	6	16	3	5	15	6	5	0	29	7	18	0	6	40	0
OTU_84	0	204	0	0	0	0	2	0	1	319	0	20	11	15	294	0	0	0	0	1	0	0	0	0	0	0	0	1	0	0	0	0	0	0	0	0	0	0	0	0	0	0	0	0	0	0	20	12	0
OTU_85	0	0	809	38	0	0	0	3	0	0	0	0	0	0	0	1	0	0	0	1	1	0	1	1	0	8	4	1	1	7	0	3	6	1	1	1	4	0	2	0	0	0	1	0	0	0	0	0	0
OTU_86	371	0	0	0	53	0	12	28	19	0	0	28	64	125	0	1	28	12	0	15	16	6	14	21	6	6	16	16	7	16	4	10	12	4	2	10	12	14	10	16	10	0	1	2	30	0	9	28	0
OTU_87	0	0	1	21	55	4	0	9	7	120	0	32	7	14	372	1	16	1	0	8	18	4	11	17	4	7	30	5	6	11	4	12	16	7	3	14	8	6	7	7	3	0	5	3	4	50	5	0	0
OTU_88	360	0	0	42	23	5	13	18	6	0	0	0	10	11	0	7	8	7	0	25	41	27	36	27	24	17	39	33	16	35	22	26	32	19	10	33	32	14	7	14	1	0	4	0	12	0	5	0	0
OTU_89	0	99	0	0	14	0	0	3	3	0	0	26	0	29	326	3	3	2	0	3	9	3	6	7	3	6	16	4	6	8	1	5	7	4	6	10	4	3	4	6	0	0	14	0	6	0	2	0	0
OTU_90	488	124	0	17	13	6	10	12	4	0	0	49	0	28	0	7	5	5	0	7	9	3	3	4	3	1	8	5	2	4	0	5	3	2	2	8	3	2	0	1	2	0	5	0	7	0	3	0	0
OTU_91	0	0	0	17	44	7	18	61	44	0	0	122	15	36	0	5	37	16	0	23	20	23	21	41	12	22	27	33	14	40	16	21	22	13	6	23	22	16	24	21	6	0	50	5	29	0	15	50	0
OTU_92	133	211	1	11	40	2	8	9	28	0	24	94	22	39	313	7	28	18	0	7	7	7	12	8	5	6	10	10	9	13	6	12	5	3	7	7	11	8	9	4	5	0	13	6	18	0	6	17	0
OTU_93	1	0	160	0	28	0	1	0	0	0	0	0	0	0	0	0	0	0	0	0	0	0	0	0	0	0	0	0	0	0	0	0	0	0	0	0	0	1	0	0	0	0	0	0	0	0	0	0	580
OTU_94	0	0	0	11	0	0	0	0	0	253	0	0	0	0	130	1	0	0	0	0	0	1	0	0	0	0	0	0	1	1	0	0	0	0	0	0	0	0	2	0	0	0	0	0	0	323	0	20	0
OTU_95	0	0	0	0	0	0	0	1	0	0	0	0	0	0	674	0	0	0	0	0	1	0	0	0	0	0	0	0	0	0	1	0	0	0	0	0	0	0	0	0	0	0	0	0	0	0	4	27	0
OTU_96	0	0	567	0	0	24	1	4	0	0	0	0	40	0	0	2	5	3	0	2	0	0	2	0	0	1	3	3	2	5	2	2	3	1	3	1	0	1	4	5	1	0	2	0	0	0	0	0	0
OTU_97	0	0	0	0	0	0	1	0	2	0	0	0	0	0	641	0	1	0	0	0	2	0	0	0	0	0	2	0	0	0	0	0	0	0	0	1	1	0	0	0	3	0	1	0	0	0	1	0	0
OTU_98	0	206	140	0	3	0	0	1	0	14	7	0	0	6	2	0	0	0	258	0	0	0	0	0	0	0	0	0	0	0	0	0	0	0	0	0	0	1	0	0	0	0	0	0	0	0	2	0	0
OTU_99	203	0	142	11	0	0	0	0	1	341	0	0	0	5	0	0	0	0	0	0	0	0	1	0	0	0	0	0	0	0	0	0	0	0	0	0	0	2	0	0	0	0	2	0	9	0	0	58	0
OTU_100	0	0	192	23	24	16	6	9	8	42	44	20	22	42	8	6	12	4	0	14	16	7	19	12	10	13	16	6	13	18	6	19	22	4	10	16	9	4	2	0	2	0	2	2	1	55	3	9	0
OTU_101	0	0	25	0	0	1	0	0	0	0	15	0	3	2	0	0	0	0	694	0	0	0	0	0	0	0	0	0	0	0	0	0	0	0	0	0	0	0	0	0	0	0	0	1	0	0	0	1	52
OTU_102	86	68	213	1	7	2	0	0	0	85	0	5	0	3	139	0	0	0	591	0	0	0	0	0	0	0	0	0	0	0	0	1	0	0	0	0	0	0	0	0	0	0	0	0	2	48	2	16	182
OTU_103	0	0	557	0	0	17	0	4	3	0	0	0	15	6	0	0	5	0	0	2	0	1	2	3	0	0	2	0	1	3	0	1	6	0	0	1	0	2	3	0	0	0	0	1	0	0	1	0	0
OTU_104	0	0	0	0	60	24	11	12	15	0	0	154	0	72	0	10	11	6	0	8	18	6	8	6	10	2	10	18	11	6	7	14	13	9	5	13	1	3	7	6	3	0	15	7	11	0	9	0	0
OTU_105	285	0	0	0	0	23	5	10	7	0	0	29	34	34	0	5	6	4	0	4	6	7	7	4	1	4	6	8	4	9	9	4	6	3	2	7	2	0	1	3	2	0	4	1	35	0	9	45	0
OTU_106	0	0	0	0	0	0	1	0	0	568	0	0	4	0	0	1	0	0	0	0	0	0	0	0	0	0	0	0	0	0	0	0	0	0	0	0	0	0	0	0	0	0	0	0	0	0	0	0	0
OTU_107	470	0	0	0	0	0	2	4	0	0	0	0	0	0	0	0	2	0	0	0	5	0	0	0	0	0	2	1	1	0	0	0	4	1	0	1	1	0	0	0	0	0	2	0	8	0	1	0	0
OTU_108	2	0	0	9	3	1	14	9	11	2	0	11	9	5	0	22	13	14	0	20	21	35	36	35	47	35	36	39	16	44	27	30	24	20	24	29	19	1	0	2	2	0	5	3	1	0	7	0	0
OTU_109	546	0	0	0	0	0	0	0	0	0	0	0	0	0	0	0	0	0	0	0	0	0	0	0	1	0	0	0	0	0	0	0	0	1	0	1	0	0	0	0	0	0	0	0	0	0	3	0	0
OTU_110	0	437	0	0	0	4	2	2	1	0	0	29	0	0	0	0	0	4	0	2	0	2	0	1	0	1	2	0	0	3	0	1	2	0	0	0	0	1	0	0	0	0	0	1	0	0	0	0	0
OTU_111	486	0	0	20	0	14	0	0	2	0	0	0	0	0	0	0	1	0	0	0	2	0	0	0	0	1	1	0	0	0	1	0	1	0	0	2	0	0	0	1	0	0	0	0	9	0	0	0	0
OTU_113	454	0	0	0	0	0	0	0	0	0	0	0	0	0	0	0	0	0	0	0	0	0	0	0	0	0	0	1	0	0	0	0	0	0	0	0	0	0	0	0	0	0	0	0	0	0	0	0	0
OTU_114	490	0	0	0	0	0	0	0	0	0	0	0	0	0	0	0	0	0	0	0	0	0	0	0	0	0	0	0	0	0	0	0	0	0	0	0	0	0	0	0	0	0	0	0	0	0	0	0	0
OTU_115	0	0	0	60	0	15	16	25	20	0	0	0	0	7	0	2	19	16	0	11	18	7	8	12	9	9	22	13	8	11	4	8	10	8	4	10	3	22	22	9	5	0	15	4	21	0	3	18	0
OTU_116	0	0	0	10	18	13	10	14	8	175	0	65	44	1	0	5	16	8	0	13	14	6	9	14	7	9	20	4	8	17	7	6	10	3	10	7	4	13	16	10	7	0	7	2	0	0	3	0	0
OTU_117	483	0	0	0	0	0	0	1	0	0	0	0	0	0	0	1	0	0	0	0	0	0	0	1	2	0	0	1	0	0	0	1	0	2	1	3	0	0	1	0	0	0	0	2	0	0	2	0	0
OTU_119	350	0	0	15	0	0	1	8	5	0	0	0	0	0	0	8	0	5	0	2	2	1	7	10	4	0	10	0	1	5	1	3	2	1	0	8	6	6	4	3	0	0	0	0	0	0	0	0	0
OTU_120	0	0	382	0	0	0	0	2	0	0	0	72	18	4	0	0	0	0	0	0	0	0	0	0	0	0	0	0	0	0	0	0	0	0	0	0	0	0	0	0	0	0	0	0	0	0	0	0	0
OTU_121	0	0	0	0	30	0	1	3	1	0	0	0	0	15	390	0	0	1	0	1	0	0	1	0	0	1	3	0	0	4	1	0	0	1	2	0	0	2	0	0	0	0	3	0	2	0	1	0	0
OTU_122	0	0	269	7	0	4	0	0	0	0	0	33	4	0	0	0	0	0	0	0	0	0	0	0	0	0	0	0	0	0	0	0	0	0	0	0	0	0	0	0	0	0	2	0	0	110	0	25	0
OTU_123	166	0	214	11	11	9	26	21	15	1	0	117	18	25	1	19	14	15	0	4	6	5	9	4	7	9	20	16	7	15	2	8	19	5	8	15	11	19	24	32	3	0	11	2	14	0	10	7	0
OTU_124	440	0	0	6	0	0	0	0	0	40	0	0	9	0	0	0	0	0	0	1	0	0	0	0	0	0	0	0	0	0	0	0	0	0	0	0	0	0	0	0	0	0	0	0	0	0	0	0	0
OTU_125	11	2	3	68	39	25	75	81	77	34	4	63	48	38	5	84	53	98	0	48	59	48	53	66	56	63	46	70	66	80	44	48	64	46	48	55	34	9	11	5	45	0	17	33	17	2	39	6	0
OTU_126	0	0	0	0	0	0	0	3	0	0	0	0	0	0	386	0	0	0	0	1	0	1	0	0	0	0	0	0	0	0	0	0	0	0	0	0	1	0	0	0	0	0	0	0	0	0	0	0	0
OTU_127	0	0	0	5	20	79	3	24	23	0	0	55	0	19	0	18	8	12	0	4	7	8	6	5	11	4	14	6	7	12	1	11	7	7	4	11	4	8	7	3	9	0	4	0	0	0	0	0	0
OTU_128	0	0	0	0	21	0	6	3	4	218	0	0	38	56	0	1	14	5	0	5	1	1	2	25	4	4	11	3	3	5	2	5	8	3	0	4	5	0	2	4	0	0	5	0	3	0	1	0	0
OTU_129	8	0	4	38	18	2	61	47	50	9	1	51	54	16	7	90	46	80	0	143	97	111	145	132	132	187	112	140	173	146	107	152	105	98	115	128	78	4	8	9	28	0	16	49	6	1	18	8	0
OTU_130	0	0	0	39	0	5	5	11	11	0	0	0	23	36	0	1	6	1	0	5	14	6	14	7	6	7	24	7	5	8	7	8	16	5	1	6	7	3	6	11	3	0	10	3	9	0	10	33	0
OTU_131	0	0	0	17	29	4	0	2	2	0	0	9	0	0	0	1	6	1	0	5	6	1	2	6	2	5	8	2	1	6	1	2	6	3	2	3	2	2	3	3	0	0	9	0	8	244	3	0	0
OTU_133	0	0	0	0	0	0	0	0	0	342	0	0	0	0	0	0	0	0	0	0	0	0	0	0	0	0	0	0	0	0	0	0	0	0	0	0	0	0	0	0	0	0	0	0	0	0	2	0	0
OTU_134	0	0	0	0	0	0	0	0	0	136	52	0	8	0	0	0	0	0	0	0	0	0	0	0	0	0	0	0	0	0	0	0	0	0	0	0	0	0	0	0	0	0	0	0	4	156	0	0	0
OTU_135	0	0	0	0	0	0	0	0	0	0	0	0	0	0	340	0	0	0	0	0	0	0	0	0	0	0	0	0	0	0	0	0	0	0	0	0	0	0	0	0	0	0	0	0	0	0	0	0	0
OTU_137	0	0	0	0	24	1	8	12	24	136	0	35	55	20	257	24	52	18	0	11	10	12	13	9	7	14	25	7	11	24	10	29	14	8	6	16	11	23	26	17	7	0	6	12	27	0	4	0	0
OTU_138	0	0	0	0	0	0	0	0	0	0	300	0	0	0	0	0	1	0	0	0	0	0	0	0	1	0	1	0	0	1	0	0	0	0	0	0	0	1	0	2	1	0	0	0	0	0	0	0	0
OTU_139	1	1	2	9	16	7	27	20	30	3	4	46	41	57	34	45	39	22	0	15	16	11	46	17	25	20	23	15	25	30	5	37	28	5	10	38	14	47	64	50	16	0	11	6	7	0	10	27	0
OTU_140	0	0	0	0	0	10	0	2	0	0	308	0	0	0	0	0	1	0	0	0	1	0	0	1	0	1	0	4	0	0	0	0	1	0	0	0	0	0	0	1	0	0	0	0	0	0	0	0	0
OTU_141	0	0	283	0	0	0	0	0	0	0	0	0	0	0	0	2	0	0	0	0	0	0	0	0	0	0	0	0	0	0	0	0	0	0	0	0	0	0	0	0	0	0	0	0	0	0	0	0	0
OTU_142	0	0	0	27	38	19	4	7	8	0	0	37	21	22	0	1	6	3	0	2	6	6	6	10	4	5	12	5	6	6	4	9	16	6	5	6	4	8	4	4	0	0	15	0	0	0	2	0	0
OTU_143	219	0	0	10	0	13	1	4	4	0	0	0	0	14	0	0	1	1	0	2	4	0	2	2	3	1	1	2	4	2	1	1	1	1	1	1	1	1	0	3	1	0	0	0	0	0	4	0	0
OTU_144	58	120	0	14	35	25	22	19	24	1	0	136	29	8	36	45	27	39	0	17	24	19	8	16	13	19	13	14	7	31	5	26	15	10	21	24	10	6	6	5	10	0	1	2	1	0	10	4	0
OTU_146	0	0	0	16	23	22	3	7	9	0	0	124	0	0	0	0	1	1	0	1	6	1	1	3	1	2	3	3	4	8	3	1	7	4	3	3	5	5	2	5	1	0	6	1	0	0	2	0	0
OTU_147	289	0	0	0	0	0	0	0	0	0	0	0	0	0	0	0	0	0	0	0	0	0	0	0	0	0	0	0	0	0	0	0	0	0	0	0	0	0	0	0	0	0	0	0	0	0	0	0	0
OTU_148	369	0	0	0	0	0	0	0	0	0	0	0	0	0	0	0	0	0	0	0	0	0	0	0	0	0	0	0	0	0	0	0	0	0	0	0	0	0	0	0	0	0	0	0	0	0	0	0	0
OTU_150	21	4	10	94	90	13	197	171	157	46	1	122	145	47	21	157	127	213	0	112	108	99	108	98	111	119	80	147	112	117	97	114	84	116	69	80	80	8	10	12	81	0	24	46	30	4	71	17	0
OTU_151	7	1	0	47	44	26	57	42	46	26	2	57	61	28	4	27	46	63	0	37	41	25	28	28	38	38	31	49	30	50	25	35	43	29	20	34	33	4	3	4	14	0	14	23	14	0	29	8	0
OTU_152	167	0	0	0	0	0	0	0	0	121	0	0	0	0	0	0	0	0	0	0	0	0	0	2	0	0	0	0	0	0	0	0	0	0	0	0	0	0	0	0	0	0	0	0	0	0	0	0	0
OTU_153	0	0	3	15	7	0	18	24	16	0	0	17	51	9	1	56	25	45	0	19	8	15	21	15	15	24	10	15	25	15	12	13	16	16	20	20	11	1	1	0	11	0	3	6	4	0	9	1	0
OTU_154	0	0	0	0	0	0	1	2	2	0	0	23	0	31	0	2	1	2	0	8	13	8	12	21	6	14	17	3	6	10	2	11	8	7	4	13	5	1	1	3	0	0	10	4	0	0	1	44	0
OTU_155	0	0	0	27	0	42	8	8	3	0	0	32	6	12	0	0	6	5	0	3	4	12	10	8	4	2	7	10	4	8	5	10	3	4	4	6	7	8	3	2	3	0	4	0	4	0	4	0	0
OTU_156	0	0	0	0	0	0	0	0	0	0	0	0	0	0	0	0	0	0	0	0	0	0	0	0	0	0	0	0	0	0	0	0	0	0	0	0	0	0	0	0	0	0	0	0	0	0	0	0	286
OTU_158	0	0	0	0	0	0	3	3	6	0	0	0	9	38	0	0	2	0	0	7	17	9	15	14	6	14	25	13	12	23	5	7	16	4	7	21	8	3	9	2	2	0	8	3	0	0	4	0	0
OTU_159	246	0	0	0	0	0	0	0	0	0	0	0	0	0	0	0	0	0	0	0	0	0	0	0	0	0	0	0	0	0	0	0	0	0	0	0	0	0	0	0	0	0	0	0	0	0	1	0	0
OTU_162	0	0	0	0	1	0	0	0	0	231	0	0	4	0	0	0	0	0	0	0	0	0	0	0	0	0	0	0	0	0	0	0	0	0	0	0	0	0	0	0	0	0	0	0	0	0	0	0	0
OTU_163	199	0	0	0	38	0	0	0	0	0	0	0	2	0	0	0	0	0	0	0	0	0	0	0	0	0	0	0	0	0	0	0	0	0	0	0	0	0	0	0	0	0	0	0	0	0	0	0	0
OTU_164	0	0	0	0	0	0	0	4	2	0	207	0	0	0	0	0	2	1	0	1	0	1	1	1	3	0	5	1	1	2	1	0	0	1	0	1	0	0	0	0	0	0	2	1	0	0	0	0	0
OTU_165	0	0	0	0	6	1	2	3	1	0	0	1	10	4	0	0	1	0	0	2	17	13	14	16	5	6	21	12	1	16	2	4	14	2	3	13	3	0	6	5	2	0	12	1	8	0	5	21	0
OTU_166	0	0	223	0	0	0	0	0	0	0	0	14	0	0	0	0	0	0	0	0	0	0	0	0	0	0	0	0	0	0	0	0	0	0	0	0	0	0	0	0	0	0	0	0	0	0	0	0	0
OTU_167	16	6	6	45	17	28	34	26	28	30	1	48	45	25	5	28	25	42	0	21	27	20	22	16	18	25	21	27	20	24	22	16	29	18	13	16	18	2	2	5	8	0	7	11	4	0	10	8	0
OTU_168	0	0	0	0	0	0	0	0	0	0	212	0	0	0	0	0	0	0	0	0	0	0	0	0	0	0	0	0	0	0	0	0	0	0	0	0	0	0	2	0	0	0	0	0	0	0	0	0	0
OTU_169	0	0	0	0	5	0	4	3	3	0	0	0	14	28	0	4	12	6	0	2	8	2	1	8	1	3	8	2	5	3	2	4	6	5	3	10	1	2	5	2	2	0	0	3	27	0	0	26	0
OTU_170	0	2	1	30	15	0	27	28	36	9	0	39	41	25	3	19	37	33	0	49	63	74	63	54	57	53	78	62	43	90	42	58	68	65	41	54	41	1	9	4	17	0	9	7	8	3	21	10	0
OTU_171	0	0	0	0	0	0	8	10	1	0	0	0	0	57	0	2	10	2	0	4	12	4	1	5	2	2	13	2	5	9	2	4	9	3	0	4	0	1	4	4	0	0	0	0	7	0	6	0	0
OTU_172	0	0	184	0	0	0	0	0	0	0	0	0	0	0	0	0	0	0	0	0	2	0	0	0	0	0	0	0	0	0	0	0	0	0	0	0	0	0	0	0	0	0	0	0	0	0	0	0	0
OTU_173	0	0	0	0	11	1	3	10	5	0	0	0	14	32	308	1	4	3	0	4	5	2	3	3	1	4	8	4	4	6	2	7	8	4	2	2	0	3	7	5	0	0	0	0	2	0	2	1	0
OTU_175	0	0	0	0	0	0	0	0	0	0	199	0	0	0	0	0	0	0	0	0	0	0	0	0	0	0	0	0	0	0	0	0	0	0	0	0	0	0	0	0	0	0	0	0	0	0	0	0	0
OTU_177	0	0	0	26	0	0	3	5	2	0	0	0	0	0	0	0	8	0	0	4	22	5	3	12	7	16	8	5	1	13	2	12	14	3	1	8	2	3	5	5	3	0	6	1	0	0	6	0	0
OTU_178	0	0	0	0	0	0	0	2	0	0	156	0	0	0	0	0	2	1	0	1	0	1	0	0	0	2	0	0	1	2	0	1	0	0	0	0	0	0	0	0	0	0	7	0	0	0	1	0	0
OTU_179	0	0	0	40	12	13	9	16	10	31	0	17	17	24	0	5	7	4	0	12	14	5	11	7	8	9	13	7	12	12	10	7	19	4	5	15	9	0	0	0	2	0	1	0	2	0	1	3	0
OTU_180	0	0	0	0	0	84	1	2	6	0	0	0	29	0	0	0	7	2	0	0	0	0	0	6	1	1	4	0	0	2	0	3	8	0	2	0	0	1	0	2	4	0	0	1	0	0	1	0	0
OTU_181	0	0	0	0	0	0	0	0	0	0	0	0	0	0	0	0	0	0	0	0	0	0	1	0	0	0	0	0	0	0	0	0	0	0	0	0	0	0	0	0	0	0	0	0	0	169	0	0	0
OTU_183	156	0	6	0	9	13	23	13	27	0	0	47	19	15	0	34	7	25	0	14	8	15	16	20	12	23	13	18	11	23	5	20	10	8	7	19	7	29	20	25	5	0	4	3	2	0	8	0	0
OTU_184	1	0	0	1	1	1	11	3	3	3	0	4	8	0	0	21	8	20	0	6	1	6	8	4	9	7	2	4	19	8	3	9	5	4	9	5	6	0	0	0	2	0	0	0	0	0	4	0	0
OTU_185	0	0	0	0	0	0	1	0	0	0	0	0	0	0	0	0	0	0	0	0	0	0	0	0	0	0	0	0	0	0	0	0	0	0	0	0	0	0	0	0	0	0	0	0	4	167	0	0	0
OTU_187	127	0	0	1	10	0	9	6	8	0	0	20	3	19	100	2	9	5	0	0	1	1	0	3	3	4	7	5	0	8	0	3	4	0	2	5	1	2	1	4	4	0	2	3	11	0	0	1	0
OTU_188	0	0	0	0	0	0	1	0	1	0	0	49	0	0	0	0	4	0	0	1	4	3	9	2	3	7	9	2	6	3	2	4	11	1	3	2	1	0	4	3	2	0	0	2	0	0	3	0	0
OTU_189	0	0	0	14	11	6	3	0	3	0	0	0	0	15	0	0	2	0	0	6	8	1	4	6	3	7	12	7	2	17	3	0	8	1	1	8	4	1	5	2	0	0	6	1	3	0	0	0	0
OTU_190	0	0	0	0	0	0	0	0	0	0	150	0	0	0	0	0	0	0	0	0	0	0	0	0	0	0	0	0	0	0	0	0	0	0	0	0	0	0	0	0	0	0	0	0	0	0	0	0	0
OTU_192	0	0	0	0	0	0	0	0	0	376	0	0	0	0	0	0	0	0	0	0	0	0	0	0	0	0	0	0	0	0	0	0	0	0	0	0	1	0	0	0	0	0	0	0	0	0	1	0	0
OTU_193	0	0	0	0	14	4	2	0	0	0	0	0	24	0	0	0	1	0	0	3	14	2	7	11	7	9	11	6	4	7	2	1	5	3	2	3	4	3	2	1	0	0	9	1	0	0	0	0	0
OTU_194	0	0	0	0	0	0	0	0	0	0	0	0	0	0	0	0	0	0	0	0	0	0	0	0	0	0	0	0	0	0	0	0	0	0	0	0	0	0	0	0	0	0	0	0	0	143	0	0	0
OTU_195	0	0	0	0	0	15	4	1	1	0	0	33	10	5	0	8	12	6	0	1	1	3	3	3	1	2	5	0	1	1	2	2	3	1	2	3	0	2	1	7	0	0	2	1	9	0	0	0	0
OTU_196	0	0	0	23	9	10	18	5	8	0	0	8	2	34	0	9	11	9	0	3	2	2	9	7	5	4	6	5	16	11	8	12	12	1	1	8	7	7	7	20	4	0	0	4	0	0	5	22	0
OTU_197	0	0	0	32	18	0	0	0	5	0	0	25	0	0	0	0	11	0	0	1	6	1	1	9	1	0	5	2	5	1	5	2	7	2	2	7	3	5	2	5	0	0	0	0	0	0	0	0	0
OTU_198	0	0	0	0	56	0	1	5	14	0	0	0	11	0	0	0	5	1	0	0	1	0	1	3	0	2	2	1	2	3	1	1	0	1	1	2	1	5	5	1	0	0	5	1	13	0	3	0	0
OTU_199	0	0	0	0	0	0	1	1	1	0	0	47	0	0	0	0	1	0	0	2	6	3	1	3	1	0	5	2	6	5	2	1	6	4	1	4	0	1	0	4	1	0	1	2	0	0	7	4	0
OTU_200	0	0	0	0	0	0	0	0	0	0	0	0	0	0	0	0	0	0	0	0	0	0	0	0	0	0	0	0	0	0	0	0	0	0	0	0	0	0	0	0	0	0	0	0	0	122	0	0	0
OTU_201	0	0	0	0	51	0	0	1	0	0	0	0	25	0	0	0	2	0	0	1	0	0	1	1	0	0	1	0	1	0	0	0	4	0	0	0	0	0	1	1	0	0	0	2	3	0	1	0	0
OTU_202	0	0	0	2	2	5	5	6	2	3	0	34	7	0	0	2	5	5	0	3	2	2	9	5	3	2	4	5	7	5	1	7	2	1	0	2	1	28	44	17	3	0	2	2	2	1	1	1	0
OTU_203	0	0	0	0	0	0	4	10	1	0	0	0	39	0	0	0	3	0	0	2	0	0	1	1	1	0	1	0	0	2	0	0	0	1	0	0	0	3	0	0	1	0	0	0	0	0	0	54	0
OTU_204	0	0	0	0	0	0	0	1	3	0	0	53	0	1	0	2	1	1	0	1	5	4	2	1	0	3	3	2	3	1	1	1	3	1	1	1	0	0	1	0	5	0	5	2	6	0	1	0	0
OTU_207	0	0	0	43	0	0	0	5	2	0	0	27	10	0	0	1	5	0	0	1	0	0	0	1	0	0	1	3	2	2	0	3	0	0	3	1	1	0	1	0	0	0	4	0	0	0	4	0	0
OTU_208	0	0	0	0	0	0	0	0	0	0	99	0	21	0	0	0	1	0	0	0	0	0	0	0	0	1	0	0	0	0	1	0	0	0	0	1	0	0	1	2	0	0	0	0	0	0	0	0	0
OTU_210	0	0	0	0	7	0	7	7	5	0	0	22	6	5	0	4	11	0	0	2	10	4	4	3	2	0	3	1	0	5	5	1	1	1	1	6	3	0	0	0	2	0	2	1	0	0	1	0	0
OTU_211	0	0	0	0	0	0	2	5	0	0	0	65	0	0	0	2	4	2	0	1	2	1	3	0	0	3	4	0	1	6	3	0	3	1	1	0	0	3	0	3	2	0	0	2	4	0	2	0	0
OTU_212	0	0	0	21	46	0	0	0	0	0	0	0	0	23	0	0	0	0	0	0	0	0	0	0	0	0	0	0	0	0	0	0	0	0	4	0	0	0	0	0	0	0	7	1	0	0	0	0	9
OTU_213	0	0	0	0	0	0	0	0	0	0	0	0	0	0	0	0	0	0	0	0	0	0	0	0	0	0	0	0	0	0	0	0	0	0	0	1	0	0	0	0	0	0	0	0	0	263	0	0	513
OTU_214	2	0	7	49	16	14	67	63	43	26	7	55	50	16	0	41	35	66	0	26	24	26	31	18	35	30	25	44	41	35	33	36	34	31	22	35	23	2	5	4	24	0	11	17	7	0	17	2	0
OTU_215	0	0	0	0	0	0	0	0	0	0	0	0	0	0	105	0	0	0	0	0	0	0	0	0	0	0	0	0	0	0	0	0	0	0	0	0	0	0	0	0	0	0	0	0	0	0	0	0	0
OTU_216	3	3	5	17	18	8	63	35	40	10	0	34	45	11	5	61	40	56	0	37	34	28	26	21	25	39	30	46	50	37	30	42	23	21	28	33	16	2	2	4	22	0	11	19	10	0	13	0	1
OTU_218	0	0	0	0	0	0	0	0	0	86	0	0	0	0	0	0	0	0	0	0	0	0	0	0	0	0	0	1	0	0	0	0	0	0	0	0	0	0	0	0	0	0	0	0	2	0	0	0	48
OTU_221	0	0	0	0	0	16	0	8	2	0	0	0	0	39	0	0	0	0	0	3	6	1	1	3	1	1	2	1	0	3	0	0	3	0	0	2	1	2	0	0	0	0	10	0	0	0	0	0	0
OTU_222	0	0	0	0	16	9	3	0	0	0	0	16	0	0	0	0	1	2	0	1	2	1	0	2	1	8	3	2	0	4	0	0	0	0	0	0	0	1	6	3	0	0	6	0	0	0	1	0	0
OTU_223	0	0	0	0	19	0	1	0	0	0	0	61	0	0	0	0	0	0	0	0	0	0	1	0	0	0	0	0	0	0	0	0	0	1	0	0	0	1	1	0	0	0	0	0	0	0	0	0	0
OTU_225	0	0	0	0	0	0	4	1	2	0	0	2	3	0	0	5	1	7	0	7	8	4	6	2	9	12	3	6	9	2	11	14	6	4	11	7	3	0	0	0	2	0	0	2	0	0	0	0	0
OTU_226	49	25	48	3	1	0	0	0	0	35	56	1	2	3	39	0	0	0	530	0	0	0	0	0	0	0	0	0	0	0	1	0	0	0	0	0	0	0	0	0	0	0	0	0	0	0	1	0	0
OTU_227	0	0	0	0	0	0	1	0	0	0	0	50	0	0	0	0	0	1	0	1	0	0	0	3	1	0	0	0	5	2	0	1	1	5	0	0	1	0	0	3	0	0	0	0	0	0	0	37	0
OTU_228	0	0	0	16	0	0	0	0	0	0	0	1	0	0	0	0	3	0	0	1	3	2	0	7	3	0	5	2	2	3	0	0	4	0	2	7	2	0	2	2	0	0	0	0	5	0	0	16	0
OTU_229	0	0	0	0	0	0	0	0	0	0	0	0	0	0	0	0	0	0	0	0	0	0	0	0	0	0	0	0	0	0	0	0	0	0	0	0	0	0	0	0	0	0	0	0	0	94	0	0	0
OTU_230	0	0	0	0	4	5	0	0	0	48	0	0	0	0	0	0	0	0	0	0	0	0	0	0	0	0	0	0	0	0	0	0	1	0	0	0	0	0	0	0	0	0	0	0	0	51	0	0	112
OTU_232	0	0	0	0	0	41	1	0	2	0	0	6	7	0	0	8	6	0	0	1	0	0	1	0	0	1	2	0	0	0	1	0	2	1	0	0	0	0	0	1	0	0	0	2	0	0	2	0	0
OTU_233	0	0	0	0	21	0	1	2	1	0	0	3	0	0	0	0	0	1	0	1	5	2	3	4	4	2	11	4	5	7	0	2	1	2	2	5	0	0	2	1	0	0	6	0	0	0	1	0	0
OTU_234	0	0	0	0	0	0	1	1	1	0	0	0	1	0	0	0	1	1	0	0	4	1	1	2	0	0	4	0	0	0	0	3	0	2	0	2	0	0	2	1	1	0	1	1	0	0	2	34	0
OTU_235	0	0	0	0	0	0	4	4	8	0	0	16	0	0	0	1	8	5	0	0	4	3	3	2	3	1	0	2	2	4	0	1	7	1	0	0	1	3	5	2	1	0	10	2	0	0	2	0	0
OTU_236	0	0	0	0	0	4	1	0	0	0	0	24	0	0	0	0	0	0	0	2	3	3	1	3	5	0	5	3	1	8	2	0	2	3	1	1	2	0	0	0	0	0	0	1	12	0	3	0	0
OTU_239	0	0	0	18	0	5	1	5	1	0	0	0	0	18	0	0	2	5	0	4	1	2	2	1	1	1	1	0	0	4	2	1	3	0	0	0	2	3	0	1	2	0	1	2	0	0	3	0	0
OTU_240	0	0	0	0	0	0	5	7	0	0	0	0	0	0	0	0	0	1	0	1	6	3	5	6	7	1	13	5	0	3	2	2	5	6	2	6	0	1	4	4	0	0	2	2	0	0	3	0	0
OTU_241	0	0	0	0	0	0	0	0	0	0	83	0	0	0	0	0	0	0	0	0	0	0	0	0	1	0	0	0	0	0	0	0	0	1	0	0	0	0	0	0	0	0	0	0	0	0	0	0	0
OTU_242	0	0	0	0	0	0	1	1	0	0	0	58	0	0	0	0	3	0	0	1	0	0	0	0	0	3	3	0	0	0	1	0	3	0	0	3	0	0	0	0	0	0	0	0	0	0	0	0	0
OTU_244	0	0	0	0	0	0	2	3	2	0	0	0	0	0	0	0	1	0	0	0	1	1	2	0	1	2	0	2	1	1	2	1	2	0	1	1	1	0	1	0	0	0	5	0	0	0	5	25	0
OTU_245	0	0	0	0	0	30	2	2	1	0	0	0	15	0	0	0	0	2	0	0	3	0	0	1	0	1	0	1	1	3	0	0	3	1	2	4	0	0	1	1	1	0	0	0	26	0	0	0	0
OTU_246	0	0	0	0	8	15	1	8	0	0	0	0	0	15	0	1	5	1	0	2	2	2	1	2	1	0	0	0	0	1	2	3	1	0	0	1	0	3	0	2	0	0	0	3	0	0	0	0	0
OTU_247	198	352	0	10	0	0	0	0	0	0	140	26	4	2	313	0	1	0	1756	0	0	0	0	0	0	0	0	1	0	1	0	0	1	0	0	0	0	0	0	0	0	0	0	0	0	117	0	34	75
OTU_248	0	0	0	0	0	0	1	4	5	0	0	0	0	0	0	1	2	2	0	1	2	6	3	2	1	0	7	5	1	4	3	3	4	0	2	5	5	1	1	1	0	0	9	1	4	0	0	0	0
OTU_249	0	0	0	0	14	0	1	3	1	0	0	47	3	10	0	0	1	0	0	0	2	1	1	0	0	0	1	0	1	2	0	2	0	2	0	1	0	0	2	2	2	0	0	0	4	0	0	0	0
OTU_251	0	0	0	0	0	0	1	2	3	0	0	0	0	0	0	1	5	2	0	0	0	3	4	1	3	0	4	4	4	2	2	2	7	0	9	2	4	1	3	1	3	0	5	1	0	0	4	0	0
OTU_254	0	0	0	0	0	0	1	0	1	0	0	0	0	39	0	0	0	0	0	0	3	0	0	0	0	0	3	0	1	0	1	0	1	0	0	3	2	2	0	0	0	0	0	0	9	0	0	0	0
OTU_255	0	0	0	0	10	0	0	1	0	0	0	0	0	45	0	1	3	0	0	0	6	1	0	1	2	0	7	0	0	2	4	2	4	1	0	2	1	1	1	0	0	0	1	0	0	0	0	0	0
OTU_256	0	0	0	0	0	0	0	0	3	0	0	20	0	0	0	0	0	1	0	2	4	0	2	4	4	6	1	1	3	4	4	3	6	2	1	3	1	0	3	0	0	0	0	1	0	0	0	0	0
OTU_257	0	0	0	12	14	0	1	4	6	0	0	0	0	0	0	2	0	0	0	0	0	1	0	1	0	0	3	0	0	4	1	2	0	1	0	3	0	0	0	0	2	0	0	1	5	0	0	0	0
OTU_258	0	0	0	19	0	27	0	0	0	0	0	0	0	6	0	0	0	0	0	0	3	0	0	0	0	1	4	0	0	0	0	1	1	0	0	0	0	0	0	1	0	0	0	0	0	0	4	0	0
OTU_259	0	0	0	0	26	0	2	3	2	0	0	0	0	0	0	0	0	2	0	0	3	1	0	0	1	0	2	0	2	2	1	1	2	1	1	3	2	1	1	3	1	0	3	1	0	0	4	0	0
OTU_260	0	0	0	0	0	0	0	2	0	0	0	0	0	28	0	1	0	2	0	1	3	1	2	1	0	0	1	1	1	2	0	1	6	1	0	2	0	0	1	2	1	0	0	1	6	0	2	0	0
OTU_261	1	2	1	12	13	7	16	21	20	10	1	20	24	8	3	17	8	15	0	10	32	42	33	31	39	49	48	40	31	41	32	29	44	32	22	50	27	3	4	2	3	0	5	11	10	3	14	8	1
OTU_263	0	0	0	22	20	0	0	3	1	0	0	0	0	0	0	1	2	0	0	1	0	1	1	1	0	0	1	0	1	1	0	1	0	0	0	1	1	2	3	0	0	0	0	0	2	0	0	0	0
OTU_264	0	0	0	25	0	0	1	3	2	0	0	0	16	0	0	1	1	1	0	0	0	0	0	0	0	1	1	0	0	2	1	1	0	0	0	0	0	1	0	0	1	0	0	0	0	0	1	0	0
OTU_266	7	7	12	8	8	5	10	5	4	16	6	12	11	11	11	10	5	18	0	5	3	8	8	5	3	4	3	13	5	4	3	8	4	7	6	7	1	2	0	0	2	0	2	1	3	4	1	0	1
OTU_268	0	0	0	27	0	0	1	4	0	0	0	0	12	0	0	0	0	0	0	4	1	1	3	2	0	1	4	2	4	0	0	1	1	1	0	4	4	3	1	1	0	0	3	1	0	0	1	0	0
OTU_269	13	0	1	7	4	6	20	13	28	17	0	40	56	9	5	52	14	53	0	12	20	14	23	13	15	26	20	10	13	21	8	32	29	11	7	24	10	5	6	8	6	0	3	2	2	1	8	1	0
OTU_270	31	7	10	95	83	42	197	188	190	43	0	128	121	86	26	157	145	192	0	187	153	156	186	164	160	163	165	207	163	222	127	197	167	117	122	168	110	7	24	15	90	0	38	69	32	7	70	20	1
OTU_271	0	0	0	38	0	0	2	0	0	0	0	0	0	0	0	0	3	2	0	0	0	0	1	0	0	0	1	2	2	0	0	0	0	0	0	2	2	0	0	0	0	0	2	0	0	0	1	0	0
OTU_272	0	0	0	0	0	0	0	0	0	0	0	0	0	29	0	1	3	0	0	3	0	0	2	1	0	0	0	1	0	0	2	1	0	0	0	0	0	1	2	0	1	0	11	2	13	0	2	0	0
OTU_274	0	0	0	0	11	18	0	0	0	0	0	0	0	10	0	0	0	0	0	0	0	1	1	0	0	1	0	0	0	0	0	1	1	1	0	1	0	0	0	1	0	0	1	0	0	0	0	0	0
OTU_275	0	0	0	0	0	13	0	1	0	0	0	0	0	0	0	0	0	0	0	1	2	0	0	2	0	0	1	0	0	2	0	1	0	1	0	0	0	0	0	0	1	0	1	2	0	0	1	30	0
OTU_276	1	2	1	13	9	7	18	18	13	3	0	6	16	6	1	18	14	26	0	29	32	37	44	42	40	38	39	58	35	42	31	33	44	29	27	65	27	1	4	3	8	0	7	15	7	2	11	5	0
OTU_277	0	0	0	0	0	0	1	0	5	0	0	0	16	12	0	1	0	0	0	0	2	0	1	2	2	1	2	0	0	4	0	3	2	0	0	0	1	1	0	2	1	0	0	0	0	0	9	0	0
OTU_279	1	0	0	5	7	12	8	3	13	13	3	35	21	2	0	30	15	29	0	11	2	5	14	2	8	6	10	11	8	22	2	14	10	5	4	14	6	8	17	12	10	0	4	2	0	1	2	4	0
OTU_280	0	0	0	0	0	0	0	0	0	0	0	56	0	0	0	0	0	0	0	0	0	0	0	0	0	0	0	0	0	0	0	0	1	0	0	0	0	0	0	0	0	0	0	0	0	0	0	0	0
OTU_281	15	1	5	18	7	8	27	30	20	10	1	24	32	6	6	36	21	41	0	27	15	16	33	21	24	31	12	26	31	23	17	30	16	14	21	16	15	2	1	1	10	0	3	7	3	1	3	2	0
OTU_283	0	0	0	7	0	4	1	1	1	0	0	26	0	2	0	0	0	0	0	0	1	1	0	1	0	0	5	0	1	4	0	2	3	1	0	1	1	0	1	1	0	0	0	1	0	0	1	0	0
OTU_284	0	0	0	17	0	4	0	1	0	0	0	1	0	0	0	0	3	1	0	0	1	0	3	1	0	0	3	0	0	0	2	1	0	0	0	2	0	1	1	1	3	0	0	0	0	0	3	0	0
OTU_285	0	0	0	0	23	8	0	1	0	0	0	17	0	0	0	1	1	0	0	0	1	0	1	0	0	0	1	0	0	1	0	1	0	0	0	0	0	0	1	0	1	0	0	0	0	0	0	0	0
OTU_286	0	0	0	0	0	0	12	5	8	2	0	4	8	0	0	13	1	14	0	3	2	2	5	3	2	3	1	4	2	3	4	4	0	4	3	1	0	0	0	0	3	0	2	2	0	0	2	0	0
OTU_288	0	0	0	1	0	0	5	3	4	0	0	3	7	2	1	12	3	3	0	6	6	4	3	7	3	5	7	3	13	3	4	2	1	4	3	1	1	1	0	0	2	0	0	1	0	0	2	1	0
OTU_289	0	0	0	0	0	3	1	5	0	0	0	0	8	13	0	0	0	0	0	0	5	0	0	0	0	1	5	0	0	1	0	0	3	3	2	1	1	0	0	0	0	0	2	0	3	0	1	0	0
OTU_290	0	0	0	0	0	15	0	1	0	0	0	0	0	0	0	0	0	0	0	0	0	0	0	0	0	0	0	0	0	0	0	0	1	0	0	0	0	0	0	2	0	0	0	0	0	0	0	33	0
OTU_291	0	0	0	0	2	1	4	2	4	8	0	6	8	0	13	18	6	14	0	4	2	5	3	3	1	7	5	0	4	3	3	4	2	3	2	3	2	0	3	0	2	0	1	2	0	0	1	0	0
OTU_292	0	0	0	0	0	0	3	0	0	0	0	0	0	0	0	0	3	0	0	0	0	0	1	1	0	0	0	1	0	3	2	1	0	0	0	0	1	0	1	2	0	0	4	1	0	0	0	31	0
OTU_293	0	0	0	0	0	0	0	0	0	0	0	0	1	0	0	4	1	5	0	6	0	5	1	6	4	7	2	4	5	4	1	4	4	3	7	3	1	0	0	0	0	0	0	0	1	0	0	0	0
OTU_294	0	0	0	0	26	0	0	1	1	0	0	0	0	0	0	0	0	1	0	1	0	0	0	3	0	0	0	0	1	3	2	0	1	0	2	0	2	0	0	0	0	0	3	0	0	0	3	0	0
OTU_295	1	0	0	1	2	0	13	12	5	4	0	4	1	1	0	15	7	17	0	11	10	4	10	10	9	6	2	6	9	4	3	13	7	3	8	6	11	1	2	0	2	0	4	1	0	0	2	0	0
OTU_297	0	0	0	0	37	0	0	0	0	0	0	0	0	0	0	0	0	0	0	0	0	0	0	0	0	0	0	0	0	0	0	0	0	0	0	0	0	4	0	0	0	0	0	0	0	0	0	0	0
OTU_298	0	0	0	0	10	0	0	5	1	0	0	0	13	0	0	0	4	0	0	2	2	0	0	0	1	0	1	0	0	3	1	0	2	1	0	0	0	0	0	0	1	0	2	0	0	0	2	0	0
OTU_299	0	0	0	15	11	0	2	0	5	0	0	13	0	0	0	1	8	2	0	0	2	2	0	3	0	3	2	2	0	3	0	1	3	1	1	1	0	2	0	2	0	0	0	0	0	0	0	0	0
OTU_301	0	0	0	0	0	0	0	5	0	0	0	0	0	30	0	0	0	0	0	1	0	0	0	1	0	0	0	0	0	0	0	0	1	0	0	0	0	1	0	0	0	0	0	1	4	0	0	0	0
OTU_302	0	0	0	0	0	0	1	1	2	0	0	22	0	0	0	0	0	0	0	0	0	0	0	0	1	0	0	0	0	0	0	1	0	0	0	0	0	1	0	0	0	0	0	1	6	0	4	0	0
OTU_303	0	0	0	0	1	0	0	0	0	0	0	0	0	0	32	0	0	0	0	1	0	1	0	0	2	0	3	0	1	5	0	1	2	0	0	1	0	0	0	0	1	0	4	0	1	10	1	2	0
OTU_304	0	1	0	5	1	0	9	9	7	4	0	12	6	7	0	16	7	17	0	17	6	11	17	14	16	16	10	10	17	16	7	18	11	13	14	15	16	0	4	1	3	0	1	3	0	1	2	0	0
OTU_305	0	0	0	0	36	0	0	0	0	0	0	0	0	0	0	0	0	0	0	0	1	0	0	0	0	4	0	0	0	1	0	2	0	0	0	0	0	0	1	0	0	0	0	0	0	0	0	0	0
OTU_306	0	0	0	0	34	0	0	0	1	0	0	0	9	0	0	0	0	0	0	0	1	0	0	1	0	1	2	0	0	2	0	0	0	0	0	1	1	0	2	0	0	0	0	0	0	0	0	0	0
OTU_307	0	0	0	0	0	0	0	6	0	0	0	0	21	0	0	1	0	0	0	0	0	0	1	1	0	0	1	0	0	0	0	0	1	0	0	0	1	0	1	0	0	0	0	1	0	0	9	0	0
OTU_308	0	0	0	0	0	0	0	0	1	0	0	0	0	0	0	0	0	0	0	0	0	0	0	0	0	0	0	0	0	0	0	0	0	0	0	0	0	0	0	0	0	0	0	0	0	0	0	33	0
OTU_309	0	0	0	0	0	0	0	0	0	0	0	30	0	0	0	0	0	0	0	0	0	1	0	0	0	0	0	0	0	0	0	1	0	0	0	2	0	0	0	1	0	0	0	0	0	0	2	0	0
OTU_310	0	0	0	0	0	0	1	2	0	0	0	0	0	0	0	0	0	1	0	0	0	0	0	1	0	0	0	1	0	0	0	0	0	1	0	0	0	1	1	0	0	0	0	0	0	0	0	43	0
OTU_312	0	0	0	0	5	0	1	1	0	0	0	0	19	0	0	0	3	1	0	1	0	0	0	0	1	1	1	0	0	1	0	0	1	0	0	0	0	1	1	1	0	0	0	0	0	0	2	0	0
OTU_313	0	0	0	0	12	0	0	1	1	0	0	14	12	0	0	0	2	1	0	0	1	0	2	0	0	0	0	0	0	0	0	0	1	0	0	0	0	0	0	0	0	0	0	0	0	0	0	0	0
OTU_316	0	0	0	0	0	0	3	3	0	0	0	0	0	0	0	0	1	3	0	0	1	0	0	1	0	0	1	0	0	0	0	0	2	1	0	0	2	0	0	0	0	0	0	1	18	0	1	0	0
OTU_318	0	0	0	0	11	0	0	0	0	0	0	0	0	0	0	0	0	0	0	0	0	0	1	0	0	0	2	0	0	0	0	0	1	1	0	0	0	0	0	0	0	0	0	0	0	0	0	22	0
OTU_320	0	0	0	0	0	0	0	2	1	0	0	0	0	0	0	0	0	0	0	0	1	1	0	0	1	0	3	1	2	0	0	0	1	2	0	0	1	1	0	1	0	0	5	0	16	0	0	0	0
OTU_321	0	0	0	0	0	0	0	0	0	0	0	34	0	0	0	0	0	0	0	0	0	0	0	0	0	0	0	1	0	0	0	0	0	0	0	0	0	0	0	0	0	0	0	0	0	0	0	0	0
OTU_322	0	36	0	0	0	0	0	0	0	0	0	0	0	0	0	0	0	0	0	0	0	0	0	0	0	0	0	0	0	0	0	0	0	0	0	0	0	0	0	0	0	0	0	0	0	0	0	0	0
OTU_323	0	0	0	0	0	0	0	0	0	0	0	8	3	2	0	2	0	0	0	0	1	0	1	0	0	1	1	0	1	0	0	0	0	0	0	0	0	0	0	0	1	0	1	0	0	0	0	0	0
OTU_324	0	0	0	0	0	0	0	3	0	0	0	0	14	0	0	0	5	0	0	0	1	0	1	2	0	0	1	1	0	3	0	0	2	0	0	1	0	0	3	2	0	0	2	0	0	0	0	0	0
OTU_325	0	0	0	0	27	0	1	0	2	0	0	0	0	0	0	0	0	0	0	0	3	0	1	0	0	0	0	1	0	0	0	0	0	0	0	0	0	0	0	0	0	0	0	0	0	0	0	0	0
OTU_326	2	3	0	7	1	5	16	20	15	2	1	7	11	5	1	17	11	22	0	28	26	37	47	48	35	47	36	39	23	36	31	42	49	27	29	48	22	0	1	2	8	0	6	6	8	1	9	1	0
OTU_327	0	0	0	0	0	0	0	0	0	0	21	0	0	0	0	0	0	0	0	0	0	0	0	0	0	0	0	0	0	0	0	0	0	0	12	0	0	0	0	0	0	0	0	0	0	0	0	0	0
OTU_328	0	0	0	0	0	22	0	0	0	0	0	0	0	0	0	0	0	0	0	0	0	1	0	1	0	0	0	0	0	1	1	0	0	1	1	0	0	0	0	1	0	0	0	0	10	0	0	0	0
OTU_329	0	0	0	0	0	0	0	3	4	0	0	0	0	0	0	0	1	2	0	0	0	1	0	0	0	0	2	3	1	2	2	1	0	1	3	2	0	2	1	3	0	0	5	0	0	0	0	0	0
OTU_330	0	0	0	0	0	0	0	0	0	0	0	46	0	9	0	1	2	0	0	0	0	0	0	0	1	0	2	1	1	0	3	0	1	0	0	1	1	2	2	0	1	0	0	1	0	0	1	0	0
OTU_331	0	0	0	0	0	0	1	2	0	0	0	0	0	12	0	0	3	0	0	2	0	1	1	5	2	1	4	0	0	0	1	0	3	0	2	0	0	1	0	0	0	0	0	1	0	0	4	0	0
OTU_333	0	0	0	30	0	0	0	0	0	0	0	0	0	0	0	0	0	0	0	0	0	0	0	0	0	0	1	0	0	0	0	0	0	0	0	0	0	0	0	0	0	0	0	0	0	0	0	0	0
OTU_335	0	0	0	0	0	0	1	0	0	0	0	0	0	38	0	0	0	0	0	0	0	0	0	0	0	0	0	0	0	0	0	0	0	0	0	0	0	1	0	0	0	0	0	0	0	0	0	0	0
OTU_336	0	0	0	0	20	0	2	2	0	0	0	0	0	0	0	0	0	2	0	0	0	2	0	0	0	0	0	5	0	1	0	0	2	0	1	0	0	0	0	0	0	0	0	0	0	0	0	0	0
OTU_337	0	0	0	0	29	0	0	0	0	0	0	0	0	0	0	0	1	0	0	0	1	0	0	0	0	0	0	0	1	0	0	0	0	0	0	0	0	0	0	0	0	0	0	0	0	0	0	0	0
OTU_338	4	2	0	1	4	2	0	2	1	2	1	2	3	5	3	2	1	0	0	0	2	2	3	0	0	1	1	1	1	1	3	2	1	0	0	1	0	0	0	1	0	0	0	0	0	1	1	0	0
OTU_340	0	0	0	1	4	1	4	3	7	0	0	5	2	1	0	6	5	3	0	2	4	2	5	2	2	5	3	6	3	5	2	8	2	3	8	3	2	0	0	1	3	0	0	2	0	0	1	0	0
OTU_342	0	0	0	26	0	0	1	0	0	0	0	0	0	0	0	0	0	0	0	0	1	1	0	0	0	1	0	1	0	0	0	0	1	0	0	0	0	2	1	0	0	0	0	1	3	0	0	0	0
OTU_343	0	0	0	0	0	30	0	0	0	0	0	0	0	0	0	0	0	0	0	0	0	0	0	1	0	0	0	0	0	0	0	0	0	0	0	0	0	0	0	0	0	0	0	0	0	0	0	0	0
OTU_344	0	0	0	0	14	0	0	1	0	0	0	0	4	0	0	0	0	0	0	0	4	0	0	0	3	0	4	0	2	1	0	1	3	1	0	0	1	0	0	1	0	0	0	0	0	0	0	0	0
OTU_345	0	0	0	0	0	0	0	0	0	0	0	26	0	0	0	0	0	0	0	0	0	0	0	0	0	0	0	0	0	0	0	0	0	0	0	0	0	0	0	0	0	0	0	0	0	0	0	0	0
OTU_347	0	0	0	0	0	0	0	0	0	0	0	0	0	0	0	0	0	0	0	0	0	0	0	0	0	0	0	0	0	0	0	0	0	0	0	0	0	0	0	0	0	0	0	0	0	0	30	0	0
OTU_348	0	1	0	0	0	0	2	0	2	0	0	0	2	0	1	9	1	4	0	2	1	2	2	0	5	2	1	1	2	0	0	1	0	1	6	0	2	0	0	0	1	0	0	0	0	0	0	0	0
OTU_349	0	0	0	0	29	0	1	1	0	0	0	0	0	0	0	0	0	0	0	0	1	0	0	0	0	0	0	0	0	1	0	0	0	0	0	0	0	2	0	0	0	0	0	0	0	0	0	0	0
OTU_351	7	0	1	12	6	2	31	19	22	6	0	18	36	8	5	29	15	36	0	11	13	13	14	6	9	16	7	20	7	6	8	6	8	4	7	13	9	0	3	0	10	0	2	1	2	0	5	0	0
OTU_352	0	2	0	0	3	0	1	1	3	1	1	1	2	1	1	1	3	2	0	3	2	0	2	0	2	2	0	1	0	2	1	1	1	1	0	0	1	2	4	7	1	0	1	1	1	1	0	1	0
OTU_353	0	0	0	0	0	0	0	1	2	0	0	5	5	0	1	2	0	1	0	3	3	0	6	1	1	1	0	0	0	2	0	1	1	0	2	1	1	0	0	0	3	0	2	1	0	0	0	1	0
OTU_356	0	0	0	0	0	0	0	0	0	0	0	0	20	0	0	0	5	0	0	0	1	0	0	0	0	0	0	0	0	1	0	0	1	0	0	0	0	2	0	0	0	0	3	0	0	0	0	0	0
OTU_358	0	0	0	0	0	0	0	0	1	0	0	0	13	0	0	0	1	0	0	1	1	0	0	2	0	0	1	0	1	1	2	0	0	0	0	0	0	0	1	1	0	0	0	1	0	0	0	0	0
OTU_359	0	0	0	0	0	0	0	0	0	0	0	0	0	0	0	0	5	2	0	0	0	0	0	4	0	2	1	0	0	0	0	0	0	2	0	1	1	2	3	0	0	0	0	1	0	0	0	0	0
OTU_360	0	0	0	0	5	4	1	1	0	0	0	11	0	1	0	0	1	0	0	1	1	1	0	0	0	1	0	0	1	2	0	0	0	1	0	0	0	1	0	0	1	0	1	0	1	0	1	0	0
OTU_362	0	0	0	0	4	4	2	0	0	0	0	0	0	3	0	0	1	0	0	1	0	1	0	0	0	2	3	0	0	3	0	1	0	0	0	3	0	0	0	0	0	0	0	0	0	0	1	0	0
OTU_363	0	0	0	20	0	16	3	6	1	0	0	42	0	13	0	1	6	5	0	0	0	2	2	1	0	2	3	0	1	2	2	4	3	3	1	2	1	0	1	1	4	0	1	0	0	0	2	48	0
OTU_364	0	0	0	0	27	11	4	2	9	1	0	117	9	2	0	9	1	16	0	4	2	5	2	3	1	2	5	0	3	2	2	3	6	1	1	5	1	0	0	0	2	0	0	3	0	0	2	0	0
OTU_365	0	0	0	0	0	0	0	0	2	0	0	0	22	0	0	0	2	0	0	0	0	0	0	0	0	0	2	0	0	2	0	0	0	0	0	0	0	0	0	0	0	0	0	0	0	0	0	0	0
OTU_366	0	0	0	0	0	0	0	0	0	0	0	0	25	0	0	0	0	0	0	0	0	0	0	0	0	0	0	0	0	0	0	0	0	0	0	0	0	0	0	0	0	0	0	0	0	0	0	0	0
OTU_367	0	0	0	0	0	0	0	0	0	0	0	0	26	0	0	0	0	0	0	0	0	0	0	0	0	0	0	0	0	0	0	0	0	0	0	1	0	0	0	0	0	0	0	0	0	0	0	0	0
OTU_370	0	0	0	0	0	0	0	0	0	0	0	0	0	0	0	0	0	0	0	0	2	2	0	3	0	0	2	1	0	2	0	2	0	1	0	1	3	0	2	1	0	0	7	0	0	0	0	0	0
OTU_371	0	0	0	0	0	27	0	0	0	0	0	0	0	0	0	0	0	0	0	0	0	0	0	0	0	0	0	0	0	0	0	0	0	0	0	0	0	0	0	0	0	0	0	0	0	0	0	0	0
OTU_372	0	0	0	0	0	0	0	0	0	0	0	0	0	0	0	0	0	0	0	0	0	0	0	0	0	0	0	0	0	0	0	0	0	0	0	0	0	0	0	0	0	0	0	0	0	0	0	25	0
OTU_374	0	0	0	2	0	1	0	0	2	2	0	0	2	2	0	6	1	5	0	0	0	3	2	1	0	0	2	5	2	0	2	2	1	0	1	1	0	0	0	0	2	0	0	0	0	0	0	0	0
OTU_375	0	0	0	22	0	0	0	0	0	0	0	0	0	0	0	0	0	0	0	0	2	0	0	0	0	0	0	0	0	2	0	0	0	0	0	0	0	1	0	0	0	0	0	0	0	0	0	0	0
OTU_376	0	0	0	0	0	0	1	0	0	0	0	0	0	18	0	0	0	0	0	0	2	0	0	0	0	1	0	0	0	1	0	0	0	0	0	0	1	2	0	1	1	0	1	0	0	0	0	0	0
OTU_377	0	0	0	0	0	25	0	0	0	0	0	0	0	0	0	0	0	0	0	0	0	0	0	0	0	0	0	0	0	0	0	0	0	0	0	0	0	0	0	0	0	0	0	0	0	0	0	0	0
OTU_378	0	0	0	0	0	0	2	0	1	0	0	0	16	0	0	0	0	0	0	0	0	0	0	1	0	0	2	0	0	0	0	2	0	0	0	0	0	2	2	0	0	0	4	0	0	0	0	0	0
OTU_380	0	0	0	0	22	0	0	1	0	0	0	0	0	0	0	0	0	0	0	0	0	0	0	0	0	1	1	0	0	0	0	0	0	0	0	0	0	0	0	0	0	0	0	1	0	0	0	0	0
OTU_381	0	0	0	0	0	0	0	0	0	0	0	0	0	25	0	0	0	0	0	0	0	0	0	0	0	0	1	3	0	0	0	0	0	0	0	0	0	0	0	0	0	0	0	0	0	0	0	0	0
OTU_382	0	0	0	0	0	0	2	0	0	0	0	0	18	0	0	0	0	2	0	0	1	1	2	1	0	2	0	0	0	0	0	0	0	2	0	0	0	0	0	0	0	0	0	0	0	0	0	0	0
OTU_383	0	0	0	0	0	0	0	0	0	0	0	0	0	0	0	0	0	0	0	0	0	0	0	0	0	0	0	0	0	0	0	0	0	0	0	0	0	0	0	0	0	0	0	0	0	0	0	29	0
OTU_384	0	0	0	0	0	0	1	0	3	0	0	0	0	0	0	0	1	0	0	0	5	0	0	0	2	3	4	0	2	1	0	1	1	0	0	0	1	0	0	0	0	0	2	0	0	0	0	0	0
OTU_386	0	0	0	14	0	0	0	0	0	0	0	0	0	0	0	0	1	2	0	0	0	0	0	1	0	0	0	0	0	0	0	0	0	0	0	0	0	0	1	1	0	0	0	0	0	0	1	0	0
OTU_387	0	0	0	25	0	0	0	0	0	0	0	0	0	0	0	0	0	0	0	0	0	0	0	0	0	0	0	0	0	0	0	0	0	0	0	0	0	0	0	0	0	0	0	0	0	0	0	0	0
OTU_389	0	0	0	15	0	0	1	0	0	0	0	0	0	0	0	0	0	0	0	0	0	0	0	0	0	0	0	1	0	0	0	0	0	0	1	0	1	0	0	0	0	0	0	0	5	0	0	0	0
OTU_391	0	0	0	0	0	0	1	1	1	0	0	0	19	0	0	1	0	0	0	0	0	0	0	0	0	0	0	0	0	2	0	0	0	0	0	1	0	0	0	0	0	0	0	0	0	0	0	0	0
OTU_392	0	0	0	0	0	0	0	0	1	0	0	3	0	0	0	0	0	0	0	0	0	1	1	3	1	1	5	0	3	8	1	2	1	3	1	2	0	0	0	0	0	0	0	0	0	1	0	0	0
OTU_393	0	0	0	0	0	0	1	0	0	0	0	0	1	0	0	4	2	2	0	1	1	2	1	0	0	1	0	3	1	3	0	1	1	0	3	1	1	0	0	0	0	0	0	0	0	0	0	0	0
OTU_394	0	0	0	0	0	0	0	1	0	0	0	0	0	0	0	0	0	0	0	1	0	1	1	0	0	0	0	1	0	0	0	1	2	1	0	2	0	0	1	1	0	0	7	1	0	0	6	0	0
OTU_396	0	0	0	0	0	0	1	1	0	0	0	0	0	0	0	0	0	0	0	2	5	0	2	2	0	0	3	0	1	5	0	4	3	2	1	3	1	0	0	1	1	0	0	0	0	0	0	0	0
OTU_397	0	0	0	0	0	0	0	0	0	0	0	0	0	0	0	0	0	1	0	0	2	0	2	3	0	1	0	1	0	1	0	0	0	2	0	5	1	0	0	0	0	0	0	0	0	0	0	0	0
OTU_398	4	1	1	0	0	1	0	0	0	4	0	1	3	0	2	1	0	2	0	0	0	1	1	0	2	2	1	0	1	0	0	0	0	0	0	1	0	0	0	0	0	0	0	0	0	0	1	0	0
OTU_399	0	0	0	12	0	0	0	0	0	0	0	7	2	0	0	0	1	0	0	1	1	0	0	0	0	0	0	0	0	0	0	0	0	0	0	0	0	0	1	0	0	0	0	0	0	0	0	0	0
OTU_400	0	0	0	0	0	0	1	1	1	0	0	0	0	0	0	0	2	1	0	1	1	0	0	0	0	0	2	0	0	0	0	1	0	0	0	0	2	2	2	2	0	0	0	0	0	0	1	0	0
OTU_401	0	0	0	0	0	18	0	0	0	0	0	0	0	0	0	0	0	0	0	0	0	0	0	0	0	0	0	0	0	0	0	0	0	0	0	0	0	0	0	0	0	0	0	0	0	0	0	0	0
OTU_404	0	0	0	0	0	0	4	0	2	0	0	0	0	0	0	0	0	0	0	1	1	2	0	2	0	1	1	4	0	1	0	0	0	1	0	0	0	0	0	0	1	0	0	2	0	0	0	0	0
OTU_405	0	0	0	0	0	15	0	0	0	0	0	0	0	0	0	0	0	0	0	0	0	0	0	1	1	0	1	0	0	1	0	0	0	0	1	1	1	0	0	0	0	0	0	0	0	0	0	0	0
OTU_406	0	0	0	0	1	0	2	3	3	0	0	0	0	0	0	2	0	5	0	5	0	2	5	0	2	0	1	3	1	2	3	3	3	2	1	1	2	0	0	0	1	0	0	2	0	0	1	0	0
OTU_408	0	0	0	0	0	0	0	2	0	0	0	0	0	0	0	0	0	0	0	1	1	0	1	1	0	0	2	0	0	2	0	6	0	0	1	3	0	0	0	1	0	0	0	0	0	0	1	0	0
OTU_409	0	0	0	0	0	0	0	0	0	0	0	17	0	0	0	0	0	0	0	0	0	2	0	0	0	0	1	0	1	0	0	0	0	1	0	0	0	0	0	0	0	0	0	0	0	0	0	0	0
OTU_411	0	0	0	0	0	0	0	0	1	0	0	0	0	0	0	0	3	0	0	0	0	1	0	0	2	1	3	1	0	0	0	1	0	1	0	0	1	1	0	0	0	0	0	0	4	0	0	0	0
OTU_412	0	0	0	0	0	0	3	7	0	0	0	0	0	0	0	0	0	0	0	0	1	0	1	1	0	1	2	0	0	0	0	0	0	0	0	0	2	1	0	1	0	0	0	2	0	0	0	0	0
OTU_413	0	0	0	0	0	0	0	3	0	0	0	0	0	0	0	0	1	0	0	0	1	1	1	0	0	0	1	4	0	1	0	1	2	2	1	0	0	0	0	2	0	0	2	0	0	0	0	0	0
OTU_414	3	2	0	0	0	1	1	5	3	2	0	3	7	3	0	8	2	4	0	4	11	12	16	12	9	9	10	12	11	16	10	6	13	10	7	14	6	0	1	0	1	0	1	0	1	0	5	1	0
OTU_415	0	0	0	0	0	0	0	0	0	0	0	9	0	10	0	0	0	0	0	0	0	0	0	0	0	0	0	0	0	0	0	0	0	0	0	0	0	0	0	0	0	0	0	0	0	0	0	0	0
OTU_417	0	0	0	0	0	0	0	0	2	0	0	0	0	0	0	0	0	0	0	3	1	2	1	0	0	2	0	4	1	6	0	0	0	0	1	0	0	0	6	0	0	0	0	0	0	0	0	0	0
OTU_418	0	0	0	0	0	0	0	0	0	0	0	0	0	24	0	0	0	0	0	0	0	0	0	0	0	0	0	0	0	0	0	0	0	0	0	0	0	0	0	0	0	0	0	0	0	0	0	0	0
OTU_419	0	0	0	0	0	0	0	0	0	0	0	0	0	17	0	0	0	0	0	0	0	0	0	0	0	0	0	0	0	0	0	0	0	0	0	0	0	0	0	0	0	0	0	0	0	0	0	0	0
OTU_420	0	0	0	0	0	0	0	0	0	0	0	0	0	0	0	0	0	0	0	0	0	0	0	0	0	0	0	0	0	0	0	0	0	0	0	0	0	0	0	0	0	0	0	0	0	0	21	0	0
OTU_421	1	0	0	2	0	0	0	0	0	1	0	0	1	0	0	0	0	0	0	1	0	0	1	0	4	2	1	1	1	1	0	0	2	0	0	3	0	0	0	1	0	0	0	1	0	0	0	0	0
OTU_422	0	0	0	0	0	0	0	0	3	0	0	0	0	0	0	0	0	3	0	0	1	0	0	0	1	0	0	1	0	2	1	0	1	1	0	4	0	2	1	0	0	0	0	0	0	0	2	0	0
OTU_423	0	0	0	0	0	0	0	2	0	0	0	0	0	0	0	0	0	0	0	1	3	0	0	0	0	1	1	1	1	0	1	0	2	0	0	2	1	1	0	0	0	0	0	0	0	0	1	0	0
OTU_424	0	0	0	0	1	0	3	2	2	0	0	5	2	1	0	3	4	3	0	1	2	3	2	0	1	1	1	3	1	1	1	1	2	1	2	3	0	0	1	0	1	0	0	2	2	0	1	2	0
OTU_425	23	3	3	17	12	6	16	22	9	29	0	21	36	10	6	23	19	26	0	8	6	12	16	9	4	6	13	16	13	9	7	7	6	10	8	13	7	0	1	0	13	0	2	5	1	1	3	1	0
OTU_426	0	0	0	0	0	0	0	0	0	0	0	19	0	0	0	0	0	0	0	0	0	0	0	0	0	0	0	0	0	0	0	0	0	0	0	0	0	0	0	0	0	0	0	0	0	0	0	0	0
OTU_428	0	0	3	6	3	2	1	3	2	6	4	4	4	3	0	1	3	1	0	3	3	3	3	2	0	2	4	1	2	4	0	1	2	2	1	2	0	0	0	0	3	0	2	0	1	0	5	0	0
OTU_429	0	0	0	0	0	0	0	4	0	0	0	0	0	0	0	0	0	0	0	1	2	2	0	1	0	0	0	0	2	0	0	1	1	2	0	0	0	0	0	0	0	0	0	0	0	0	0	0	0
OTU_430	0	0	0	0	0	0	0	1	5	0	0	0	0	0	0	0	1	0	0	1	0	0	0	1	2	0	1	0	1	0	0	0	1	2	0	1	0	0	0	2	1	0	0	0	0	0	0	0	0
OTU_431	0	0	0	0	0	0	0	0	0	0	0	0	14	0	0	0	0	0	0	0	0	0	0	0	0	0	0	0	2	0	0	1	1	0	0	0	0	0	0	0	1	0	0	0	0	0	0	0	0
OTU_432	0	0	0	0	0	0	0	0	0	0	0	0	0	0	0	0	0	0	0	0	1	0	0	0	0	1	0	0	0	1	0	0	0	0	0	0	0	0	0	0	0	0	0	0	15	0	0	0	0
OTU_433	0	0	0	0	0	0	0	0	0	0	0	20	0	0	0	0	0	0	0	0	0	0	0	0	0	0	0	0	0	0	0	0	0	0	0	0	0	0	1	0	0	0	0	0	0	0	0	0	0
OTU_434	0	0	0	0	0	0	0	4	0	0	0	0	0	0	0	0	0	1	0	0	2	1	1	1	0	2	0	0	0	1	0	0	1	3	0	1	0	0	0	0	0	0	0	1	0	0	0	0	0
OTU_435	0	0	0	0	7	18	0	3	0	0	0	0	0	0	0	0	0	0	0	0	1	0	0	0	0	0	1	1	0	0	0	0	0	0	1	0	0	1	0	0	1	0	0	0	0	0	0	0	0
OTU_436	2	1	0	4	5	1	16	13	7	11	0	17	12	2	3	16	10	7	0	28	34	33	37	37	37	47	39	24	46	29	10	39	39	17	33	42	11	0	2	4	2	0	1	5	1	1	4	4	0
OTU_437	0	0	0	0	0	0	0	0	0	0	0	25	0	0	0	0	0	0	0	0	1	0	0	0	0	0	1	0	0	0	0	0	0	0	0	0	0	0	0	0	0	0	0	0	0	0	0	0	0
OTU_438	0	0	0	0	0	0	1	1	0	0	0	0	0	0	0	0	0	0	0	0	0	1	2	0	0	2	1	3	0	3	0	0	3	1	0	0	1	0	0	0	0	0	1	0	0	0	0	0	0
OTU_440	0	0	0	0	12	0	0	0	1	0	0	0	0	0	0	0	0	1	0	0	3	0	0	0	0	0	1	0	0	0	0	0	0	0	0	5	2	1	0	0	0	0	0	0	0	0	0	0	0
OTU_442	0	0	0	0	18	0	0	0	0	0	0	0	0	0	0	0	0	0	0	0	0	0	0	0	0	0	0	0	0	0	0	0	0	0	0	0	0	0	0	0	0	0	0	0	0	0	0	0	0
OTU_444	0	0	0	0	0	0	0	2	0	0	0	0	0	13	0	0	0	0	0	1	0	0	1	0	0	0	0	0	0	1	0	0	0	0	0	0	0	1	0	0	0	0	0	0	0	0	0	0	0
OTU_445	0	0	0	0	0	0	0	0	0	0	0	0	0	0	0	0	0	0	0	0	0	0	0	0	0	0	0	0	0	0	0	0	0	0	0	0	0	0	0	0	1	0	0	0	0	0	21	0	0
OTU_446	2	0	0	0	1	0	0	1	1	0	0	2	6	0	1	1	1	0	0	1	1	0	1	0	0	2	0	2	0	3	0	1	3	0	0	2	1	0	1	0	0	0	1	0	0	0	0	0	0
OTU_447	0	0	0	0	0	0	2	0	0	0	0	0	0	0	0	0	0	0	0	0	0	1	0	0	0	0	1	0	0	0	0	1	1	0	0	0	0	1	0	0	0	0	0	0	8	0	0	0	0
OTU_449	0	0	0	0	0	0	0	0	0	0	0	0	0	0	0	0	0	0	0	0	0	0	0	0	0	0	0	0	0	0	0	0	0	0	0	0	0	0	0	0	0	0	0	0	0	0	20	0	0
OTU_450	0	0	0	0	0	0	0	1	6	0	0	0	0	0	0	1	1	0	0	0	0	0	0	2	1	2	3	2	2	0	0	0	2	0	0	2	2	0	0	0	1	0	1	0	0	0	0	0	0
OTU_451	0	0	0	0	0	0	0	0	0	0	0	0	0	0	0	0	1	0	0	0	0	0	1	0	3	1	3	1	1	0	0	0	3	1	0	2	0	0	0	0	0	0	0	0	0	0	4	0	0
OTU_452	0	0	0	0	0	0	1	0	0	0	0	0	0	0	0	0	2	0	0	1	2	0	0	1	1	0	1	0	0	3	0	1	2	1	0	0	0	0	0	0	0	0	0	2	0	0	0	0	0
OTU_453	0	0	0	0	0	0	0	0	0	0	0	0	0	0	0	0	0	1	0	5	1	0	3	1	1	0	3	0	1	1	2	0	1	1	0	0	0	0	1	0	0	0	0	0	0	0	0	0	0
OTU_454	0	0	0	0	16	0	0	0	0	0	0	0	0	0	0	0	0	0	0	0	0	0	0	0	0	0	0	0	0	0	0	0	0	0	0	0	0	0	0	0	0	0	0	0	0	0	0	0	0
OTU_455	0	0	0	1	0	0	0	0	1	0	0	0	0	0	0	1	2	2	0	1	2	3	1	1	0	2	0	2	3	1	2	0	2	1	1	3	0	0	0	0	0	0	0	0	0	0	0	0	0
OTU_458	0	0	0	1	0	0	1	0	0	0	0	1	3	1	0	1	0	0	0	3	1	0	2	2	0	1	4	2	0	1	1	1	4	1	2	3	0	0	0	1	0	0	0	0	0	0	1	0	0
OTU_459	0	0	0	0	0	0	0	0	0	0	0	0	20	0	0	0	0	0	0	0	0	0	0	0	0	1	0	0	0	0	0	0	0	0	0	0	0	0	0	0	0	0	0	0	0	0	0	0	0
OTU_460	0	0	0	0	0	0	0	1	1	0	0	0	0	0	0	0	2	0	0	0	1	0	0	1	0	0	0	0	0	0	0	1	0	1	1	2	0	2	0	0	0	0	1	0	5	0	0	0	0
OTU_461	0	0	0	0	0	0	0	0	0	0	0	0	0	0	0	0	0	0	0	0	0	1	0	0	0	0	1	0	0	0	0	0	0	0	0	0	0	0	0	0	0	0	0	0	12	0	0	0	0
OTU_462	0	0	0	0	0	0	0	0	0	0	0	0	0	0	0	0	0	0	0	0	0	0	0	0	0	0	0	0	0	0	0	0	0	0	0	0	0	0	0	0	0	0	0	0	0	0	21	0	0
OTU_463	0	0	0	0	0	0	2	0	0	0	0	0	0	0	0	0	0	0	0	0	0	0	0	0	0	0	0	0	0	1	0	0	0	0	0	0	1	2	0	0	0	0	0	0	9	0	0	0	0
OTU_464	0	0	0	0	0	0	2	0	0	0	0	0	0	0	0	0	0	0	0	0	3	0	0	0	0	0	0	0	0	1	0	0	0	0	0	1	0	4	0	2	0	0	4	0	0	0	0	0	0
OTU_465	0	0	0	0	0	0	0	0	0	0	0	0	0	0	0	0	0	0	0	0	0	0	0	0	0	0	0	0	0	0	0	0	0	0	0	0	0	0	0	0	0	0	0	0	0	0	19	0	0
OTU_466	0	0	0	8	0	0	0	0	0	0	0	0	0	0	0	0	0	0	0	0	1	0	0	0	1	0	6	0	0	0	0	0	0	1	0	1	1	0	0	0	0	0	0	0	0	0	1	0	0
OTU_467	0	0	0	0	36	11	0	0	0	286	0	0	0	0	0	0	3	0	0	0	0	0	0	0	0	0	0	0	0	0	0	1	0	0	0	0	0	0	0	0	0	0	0	0	3	232	0	20	404
OTU_468	0	0	0	2	0	0	2	1	0	0	0	1	2	0	0	5	1	2	0	4	4	2	0	2	3	3	1	3	3	2	2	1	3	7	1	5	1	0	0	0	0	0	0	0	0	0	0	0	0
OTU_469	0	0	0	0	0	0	0	2	0	0	0	0	0	0	0	0	1	0	0	0	1	0	0	0	0	0	2	0	0	2	0	1	1	0	0	1	0	0	3	0	0	0	2	1	0	0	0	0	0
OTU_471	0	0	0	13	0	0	0	0	0	0	0	0	0	0	0	0	0	0	0	0	0	0	0	0	0	0	0	0	0	1	0	0	0	0	0	0	1	0	0	0	0	0	0	0	0	0	0	0	0
OTU_472	0	0	0	0	0	0	0	0	0	0	0	0	0	11	0	0	0	1	0	0	0	0	0	0	0	0	0	0	0	0	0	0	0	0	0	0	0	0	0	0	0	0	0	0	0	0	0	0	0
OTU_473	0	0	0	0	0	0	0	0	0	0	0	16	0	0	0	0	0	0	0	0	0	0	0	0	0	0	0	0	0	0	0	0	0	0	0	0	0	0	0	0	0	0	0	0	0	0	0	0	0
OTU_474	1	0	0	0	0	0	0	1	0	1	0	0	1	0	0	2	0	4	0	1	1	1	3	1	2	2	3	0	4	2	0	2	0	3	1	0	0	0	0	0	1	0	0	0	0	0	0	0	0
OTU_475	0	0	0	0	0	0	0	0	0	0	0	0	0	15	0	0	0	0	0	0	0	0	0	2	0	0	1	0	0	0	0	0	0	0	0	0	0	0	0	0	0	0	0	0	0	0	0	0	0
OTU_476	0	0	1	1	0	0	0	1	2	2	1	4	0	2	5	0	0	0	0	1	1	0	2	2	0	0	0	1	1	0	0	0	0	0	0	2	0	0	0	1	1	0	0	0	0	0	1	0	0
OTU_477	0	0	0	0	0	0	1	3	2	0	0	0	0	0	0	0	2	0	0	0	0	0	0	0	0	0	2	0	0	1	0	1	0	0	0	0	1	0	1	0	0	0	0	0	0	0	1	0	0
OTU_478	0	0	0	1	0	0	1	1	1	0	0	0	1	0	0	2	1	2	0	3	0	4	1	0	0	0	0	1	0	2	1	0	0	1	2	1	1	0	1	0	0	0	0	0	0	0	0	0	0
OTU_479	0	0	0	0	0	0	0	0	0	0	0	0	0	15	0	0	0	0	0	0	0	0	0	0	0	0	0	0	0	0	0	0	0	0	0	0	0	0	0	0	0	0	2	0	0	0	0	0	0
OTU_480	0	0	0	1	1	0	0	0	0	1	0	2	2	0	0	0	0	2	0	1	3	0	4	5	2	1	6	0	2	0	0	3	3	1	2	3	0	0	0	0	0	0	0	1	0	0	0	0	0
OTU_481	0	0	0	0	0	0	0	0	0	0	0	0	0	0	0	0	0	0	0	0	0	0	0	0	0	0	0	0	0	0	0	0	0	0	0	0	0	0	0	0	0	0	0	0	0	132	0	0	0
OTU_482	0	0	0	0	0	0	0	0	0	0	0	0	0	0	0	0	0	0	0	0	2	1	1	1	0	0	2	0	0	1	0	1	0	0	0	0	2	0	3	0	0	0	0	0	0	0	0	0	0
OTU_485	0	0	0	0	12	0	0	0	0	0	0	0	0	0	0	0	0	0	0	0	0	0	0	0	0	0	0	0	0	0	0	0	0	0	0	0	0	0	0	0	0	0	0	0	0	0	0	0	0
OTU_487	0	0	0	0	14	0	0	0	0	0	0	0	0	0	0	0	0	0	0	0	0	0	0	0	0	0	0	0	0	0	0	0	0	1	0	0	0	0	0	0	0	0	0	0	0	0	0	0	0
OTU_488	0	0	0	0	0	16	0	0	0	0	0	0	0	0	0	0	0	0	0	0	0	0	0	0	0	0	0	0	0	0	0	0	0	0	0	0	0	0	0	0	0	0	0	0	0	0	0	0	0
OTU_489	0	0	0	0	16	0	0	0	0	0	0	0	0	0	0	0	0	0	0	0	0	0	0	0	0	0	0	0	0	0	0	0	0	0	0	0	0	0	0	0	0	0	0	0	0	0	0	0	0
OTU_490	0	0	0	0	0	1	0	0	0	0	0	0	14	0	0	0	0	0	0	0	0	0	0	0	0	0	0	0	0	0	0	0	0	0	0	0	0	0	0	0	0	0	0	0	0	0	0	0	0
OTU_491	1	0	0	0	1	1	0	0	0	3	0	2	2	0	1	0	0	0	0	0	2	2	1	1	1	1	1	0	0	1	2	0	3	1	1	1	2	0	0	0	0	0	0	0	0	0	0	3	0
OTU_493	2	0	0	0	1	2	1	2	3	0	0	11	8	0	1	12	4	11	0	0	2	1	0	1	3	3	1	1	0	0	1	1	2	2	2	2	1	0	0	0	1	0	1	0	0	0	2	0	0
OTU_495	0	0	0	0	0	0	0	1	2	0	0	0	2	0	0	2	1	0	0	2	1	1	0	0	1	0	1	0	1	0	1	2	0	1	1	0	2	0	0	0	1	0	0	0	0	0	1	0	0
OTU_496	0	0	0	0	0	0	0	1	0	0	0	0	1	0	0	2	0	3	0	2	0	1	0	0	1	3	0	1	2	1	0	1	1	0	0	3	1	0	0	0	0	0	0	0	0	0	0	0	0
OTU_497	0	0	0	0	0	0	0	1	1	0	0	0	6	3	0	0	0	2	0	0	0	0	0	1	0	0	0	0	0	0	0	0	0	0	0	0	0	0	0	0	0	0	0	0	0	0	1	0	0
OTU_499	0	0	0	0	0	0	0	0	0	0	0	0	0	17	0	0	0	0	0	0	0	0	0	0	0	0	0	0	0	0	0	0	0	1	0	0	0	0	0	0	0	0	0	0	0	0	0	0	0
OTU_501	0	0	0	0	0	0	0	0	0	0	0	0	13	0	0	0	0	1	0	0	0	0	0	0	1	0	1	0	0	0	0	0	0	0	0	0	0	0	0	0	0	0	0	0	0	0	0	0	0
OTU_502	0	0	0	0	0	0	0	1	0	0	0	0	0	13	0	0	0	0	0	0	0	0	0	0	0	0	0	0	0	2	0	0	0	0	0	0	0	0	0	0	0	0	0	0	0	0	0	0	0
OTU_503	0	0	0	0	0	0	0	0	0	0	0	0	0	0	0	0	3	0	0	2	2	0	0	1	0	0	1	0	0	4	1	0	1	0	0	0	0	0	0	2	0	0	0	0	0	0	0	0	0
OTU_504	0	0	0	0	0	0	0	0	0	0	0	0	0	9	0	0	0	1	0	0	0	0	0	4	0	0	2	0	0	0	0	0	0	0	0	0	0	0	0	0	0	0	0	0	5	0	0	0	0
OTU_505	0	0	0	0	0	0	0	1	3	0	0	0	0	0	0	0	0	0	0	0	1	0	0	0	0	0	0	1	0	0	0	0	1	0	0	2	0	2	1	0	0	0	2	0	0	0	0	0	0
OTU_507	0	0	0	0	0	0	1	0	1	0	0	0	0	0	0	0	0	2	0	1	2	0	0	0	0	1	1	0	1	0	1	0	2	1	0	0	0	0	0	0	0	0	0	0	0	0	0	0	0
OTU_508	0	0	0	0	0	0	0	2	0	0	0	0	0	0	0	0	0	0	0	0	2	2	0	0	0	0	2	1	0	0	0	0	0	0	0	2	0	0	0	0	0	0	0	0	0	0	2	0	0
OTU_509	0	0	0	0	0	0	1	1	0	0	0	0	0	0	0	0	2	0	0	1	1	0	0	0	0	1	0	0	1	1	1	0	1	0	1	0	0	0	1	0	1	0	0	0	0	0	0	0	0
OTU_510	0	0	0	0	0	0	3	1	0	0	0	0	0	0	0	0	2	2	0	1	9	3	2	7	5	4	7	1	2	2	1	2	2	1	2	4	0	0	4	0	0	0	1	2	0	0	1	20	0
OTU_511	0	0	1	2	1	0	3	3	1	1	0	4	7	1	0	13	5	10	0	11	11	8	13	8	14	11	7	13	5	9	5	12	10	8	18	12	3	1	0	1	3	0	0	4	1	0	3	3	0
OTU_512	0	0	0	0	0	0	2	0	0	0	0	0	0	0	0	0	0	0	0	0	2	2	3	4	2	0	1	5	0	0	3	0	0	2	1	1	0	1	1	1	0	0	0	0	0	0	0	0	0
OTU_513	0	0	0	0	0	0	0	0	0	0	0	0	21	0	0	0	0	0	0	0	0	0	0	0	1	0	0	1	0	1	1	2	0	0	0	0	0	0	0	0	0	0	0	0	0	0	0	0	0
OTU_514	0	0	0	0	0	0	0	0	0	0	0	0	0	7	0	0	2	0	0	1	1	1	0	1	0	0	0	0	1	1	1	0	0	0	0	1	0	0	2	1	1	0	0	0	0	0	0	0	0
OTU_515	6	0	0	0	1	0	2	2	4	0	0	2	16	2	0	2	4	3	0	4	2	1	3	3	4	4	1	1	2	4	1	2	4	2	2	8	2	0	2	0	1	0	0	2	0	0	3	0	0
OTU_520	0	0	0	0	0	0	1	0	0	0	0	0	0	0	0	0	0	0	0	0	0	0	0	0	0	0	0	0	0	0	0	0	0	0	0	0	0	0	0	0	0	0	0	0	10	0	0	0	0
OTU_521	0	0	0	0	0	0	0	2	0	0	0	0	0	0	0	0	1	0	0	0	0	0	0	1	0	0	0	2	0	0	0	0	1	0	0	1	0	0	0	0	0	0	6	0	0	0	0	0	0
OTU_522	0	0	0	0	0	0	0	0	0	0	0	0	0	0	0	0	0	0	0	0	0	0	0	0	0	0	0	0	0	0	0	0	0	0	0	0	0	0	0	0	0	0	0	0	10	0	0	0	0
OTU_523	0	0	0	0	0	0	0	0	0	0	0	0	0	0	0	0	0	0	0	0	0	3	1	0	1	0	2	0	0	2	1	0	1	0	0	0	0	0	0	0	0	0	0	0	0	0	0	0	0
OTU_524	0	0	0	1	0	0	0	0	0	0	0	0	0	0	0	0	0	0	0	0	0	0	0	0	0	0	0	0	0	0	0	0	0	0	0	0	0	0	0	0	0	0	0	0	0	12	0	0	0
OTU_526	0	0	0	0	0	0	2	3	1	0	0	0	0	0	0	1	0	1	0	0	0	0	0	0	0	0	0	0	0	1	1	0	1	0	0	0	0	2	0	0	0	0	0	0	0	0	0	0	0
OTU_527	0	0	0	0	1	0	2	1	0	0	0	0	0	0	0	3	1	3	0	1	2	2	1	2	1	2	2	5	3	2	3	2	3	1	0	2	3	0	0	0	0	0	2	0	0	0	0	0	0
OTU_528	0	0	0	0	0	0	1	1	0	0	0	0	0	0	0	0	2	0	0	0	0	0	0	0	1	0	1	0	1	0	0	0	2	0	0	0	1	0	0	0	0	0	0	0	0	0	0	0	0
OTU_533	6	2	3	5	5	0	2	2	0	0	1	2	4	2	5	1	1	1	0	0	1	0	2	1	0	0	2	0	0	0	2	0	0	0	0	2	2	0	0	0	0	0	1	0	1	0	0	1	1
OTU_534	1	0	10	0	2	0	0	0	0	0	0	0	0	1	0	1	0	0	0	0	1	0	0	0	0	0	0	1	0	1	1	0	0	0	0	0	0	0	0	0	0	0	0	0	0	0	0	0	0
OTU_535	0	0	0	0	8	0	0	0	0	0	0	0	0	0	0	0	0	0	0	0	0	0	0	0	0	0	0	0	0	0	0	0	0	0	0	0	0	0	0	0	0	0	0	0	0	0	0	0	0
OTU_536	0	0	0	12	0	0	0	0	0	0	0	0	0	0	0	0	0	0	0	0	0	0	0	0	0	0	0	0	0	0	0	0	1	0	0	0	0	0	0	0	0	0	0	0	0	0	0	0	0
OTU_537	0	0	0	6	0	0	0	0	0	0	0	4	0	0	0	0	0	0	0	0	0	0	0	0	0	0	0	0	0	0	0	0	0	1	0	0	0	0	0	0	0	0	0	0	0	0	0	0	0
OTU_538	0	0	0	0	0	12	0	0	0	0	0	0	0	0	0	0	0	0	0	0	0	0	1	0	0	0	0	0	0	0	0	0	0	0	0	0	0	0	0	0	0	0	0	0	0	0	0	0	0
OTU_539	1	0	2	2	0	1	5	1	4	0	0	7	1	1	0	14	1	6	0	1	3	3	3	3	1	6	8	2	4	9	0	0	4	2	4	2	4	1	0	1	0	0	0	0	0	0	0	0	0
OTU_540	0	0	0	0	10	0	0	0	0	0	0	0	0	0	0	0	0	0	0	0	0	0	0	0	0	0	0	0	0	0	0	0	0	0	0	0	0	0	0	0	0	0	0	0	0	0	0	0	0
OTU_541	0	0	0	0	0	12	0	0	0	0	0	0	0	0	0	0	0	0	0	0	0	0	0	0	0	0	0	0	0	0	0	0	0	0	0	0	0	0	0	0	0	0	0	0	0	0	0	0	0
OTU_542	0	0	0	0	0	0	0	0	2	0	0	0	0	0	0	0	0	0	0	0	0	0	0	0	0	0	0	0	0	0	0	3	2	0	0	1	0	0	0	0	0	0	1	0	0	0	0	0	0
OTU_543	0	0	0	0	0	0	0	0	2	0	0	0	0	0	0	0	0	0	0	0	0	0	0	2	0	0	0	0	0	5	0	0	0	0	0	0	0	0	0	0	2	0	0	0	0	0	0	0	0
OTU_549	0	0	0	0	0	0	0	0	1	0	0	2	2	0	0	1	0	3	0	0	1	3	0	0	0	4	2	3	1	0	2	3	0	0	3	0	0	0	0	0	0	0	0	0	0	0	0	0	0
OTU_550	0	0	0	0	0	0	2	0	0	0	0	0	8	0	0	0	0	0	0	0	0	0	0	0	0	0	0	0	0	0	0	0	0	0	0	0	0	0	0	0	0	0	0	0	0	0	0	0	0
OTU_551	0	0	0	0	0	0	0	0	0	0	0	0	11	0	0	0	0	0	0	0	0	0	0	0	0	0	0	0	0	0	0	0	0	0	0	0	0	0	0	0	0	0	0	0	0	0	0	0	0
OTU_552	0	0	0	0	0	0	0	0	0	0	0	0	12	0	0	0	0	0	0	0	0	0	0	0	0	0	0	0	0	0	0	0	0	0	0	0	0	0	0	0	0	0	0	0	0	0	0	0	0
OTU_553	0	0	0	0	0	0	0	0	0	0	0	0	0	9	0	0	0	0	0	0	0	0	0	0	0	0	0	0	0	0	0	0	0	0	0	0	0	0	0	0	0	0	0	0	0	0	1	0	0
OTU_554	0	0	0	0	0	0	0	0	1	0	0	0	0	0	0	0	1	0	0	0	0	0	0	0	0	0	0	0	0	0	0	0	0	0	0	0	0	0	0	0	0	0	0	0	7	0	0	0	0
OTU_556	0	0	0	0	0	0	0	1	0	0	0	0	0	0	0	0	1	0	0	0	0	0	0	0	0	0	0	0	0	1	0	0	1	0	0	2	1	0	1	2	0	0	3	0	0	0	0	0	0
OTU_557	0	0	0	0	0	0	0	0	0	0	0	0	0	0	0	0	0	0	0	0	0	0	0	0	0	0	0	0	0	0	0	0	0	0	0	0	0	0	0	1	0	0	7	0	0	0	0	0	0
OTU_558	0	0	0	0	0	0	0	0	0	0	0	0	0	0	0	0	0	0	0	0	0	0	0	0	0	0	0	0	0	0	0	0	0	0	0	0	0	1	0	0	0	0	0	0	0	0	15	0	0
OTU_559	0	0	0	0	0	0	0	0	0	0	0	0	0	4	0	0	2	0	0	0	0	0	0	0	0	0	0	0	1	1	0	0	0	0	0	0	0	0	0	0	0	0	0	0	0	0	3	0	0
OTU_562	0	0	0	0	0	0	0	0	2	0	0	0	1	0	0	0	0	0	0	3	0	2	0	0	3	1	1	3	0	0	0	2	0	1	1	0	1	0	0	0	1	0	0	0	0	0	1	0	0
OTU_563	0	0	0	0	0	0	1	0	0	0	0	0	0	0	0	0	0	0	0	0	1	0	3	0	0	2	0	0	3	1	0	0	0	0	0	2	0	0	0	1	0	0	0	0	0	0	0	0	0
OTU_564	1	0	0	0	0	0	1	0	0	2	0	2	3	0	0	5	1	3	0	2	5	2	2	3	2	4	1	6	3	6	3	3	5	4	2	4	0	0	0	0	0	0	0	0	0	0	0	0	0
OTU_566	0	0	0	0	0	0	2	0	0	0	0	0	0	0	0	0	1	3	0	0	0	1	0	0	0	0	0	0	1	0	1	0	0	0	0	1	0	0	0	0	0	0	0	1	0	0	0	0	0
OTU_567	0	0	0	1	1	0	3	0	0	0	0	0	1	2	0	1	2	0	0	1	1	1	1	3	0	0	0	0	1	2	0	0	2	0	2	1	1	0	0	0	0	0	2	0	1	0	0	0	0
OTU_568	1	0	0	0	1	0	0	0	2	0	0	2	0	1	0	2	2	2	0	1	2	0	2	1	2	1	1	0	0	0	1	2	0	0	0	1	0	0	0	0	0	0	0	0	0	0	0	0	0
OTU_569	0	0	0	0	0	10	0	0	0	0	0	0	0	0	0	0	0	0	0	0	0	0	0	0	0	0	0	0	0	0	0	0	0	0	0	0	0	0	0	0	0	0	0	0	0	0	0	0	0
OTU_570	0	0	0	0	0	0	0	3	1	0	0	0	0	0	0	0	0	0	0	0	1	0	1	1	0	1	0	0	0	1	0	1	0	0	1	1	0	0	0	1	0	0	1	0	0	0	0	0	0
OTU_571	0	0	0	0	0	0	0	0	1	0	0	0	0	0	0	0	0	0	0	0	0	0	0	1	0	1	0	0	1	0	0	0	0	0	0	1	0	0	0	4	0	0	0	0	0	0	0	0	0
OTU_572	0	0	0	0	0	0	0	1	0	0	0	0	0	0	0	0	4	1	0	0	0	0	0	0	0	0	1	0	0	0	1	2	1	0	0	0	0	0	0	0	0	0	0	0	0	0	0	0	0
OTU_574	0	0	0	0	0	0	1	2	1	0	0	18	0	0	0	0	1	0	0	0	2	0	0	0	0	0	0	0	0	0	0	0	0	0	0	1	0	0	0	1	0	0	0	0	0	0	0	0	0
OTU_575	0	0	0	0	0	0	0	0	0	0	0	0	0	11	0	0	0	0	0	0	0	0	0	0	0	0	0	0	0	0	0	1	0	0	0	0	0	0	0	0	0	0	0	0	0	0	0	0	0
OTU_576	0	0	0	0	0	0	0	0	0	0	0	1	2	0	0	2	1	1	0	1	1	1	2	1	3	0	1	0	1	2	1	1	0	1	3	1	1	0	1	0	0	0	0	0	0	0	0	0	0
OTU_577	0	0	0	0	0	0	0	0	0	0	0	0	0	7	0	0	0	0	0	0	0	0	0	0	0	0	0	0	0	0	0	0	0	0	0	0	0	0	0	0	0	0	0	0	0	0	0	0	0
OTU_578	0	0	0	0	0	0	0	0	1	0	0	0	0	7	0	0	0	0	0	0	0	0	0	0	0	0	0	0	0	1	0	0	0	1	0	0	0	0	1	0	0	0	0	0	0	0	0	0	0
OTU_579	0	0	0	0	0	0	0	0	0	0	0	0	0	0	0	0	9	0	0	1	0	0	0	0	0	0	0	0	0	0	0	0	0	0	0	0	0	0	2	0	0	0	0	0	0	0	0	0	0
OTU_580	0	0	0	0	0	0	0	0	0	0	0	0	0	1	1	0	0	2	0	0	0	0	1	0	0	1	0	0	0	0	0	0	0	1	0	0	0	1	0	0	0	0	0	0	0	0	0	0	0
OTU_581	0	0	0	0	0	0	1	0	1	0	0	0	0	0	0	0	0	0	0	1	2	0	0	0	0	0	1	0	1	0	0	0	0	0	0	0	0	0	0	0	2	0	2	0	2	0	1	0	0
OTU_582	0	0	0	0	0	0	0	0	0	0	0	0	0	0	0	0	0	0	0	0	0	0	0	0	0	0	0	0	0	0	0	0	0	0	0	0	0	0	1	0	1	1	0	1	10	0	0	0	0
OTU_583	0	0	0	0	0	4	0	2	0	0	0	0	0	0	0	0	1	0	0	0	0	0	0	0	1	0	0	0	0	0	0	0	0	0	0	0	0	1	0	0	0	0	1	0	0	0	1	0	0
OTU_584	0	0	0	0	0	0	0	0	0	0	0	0	0	0	0	0	0	0	0	0	1	0	0	1	0	0	1	0	0	2	0	0	0	0	0	0	0	0	0	0	0	0	4	0	0	0	0	0	0
OTU_585	0	0	0	0	0	0	1	1	0	0	0	0	0	0	0	0	0	0	0	0	2	1	0	1	1	0	0	0	0	2	0	0	0	0	0	0	0	0	2	0	0	0	2	1	0	0	0	0	0
OTU_587	0	0	0	0	0	0	0	0	0	0	0	0	0	0	0	0	0	0	0	2	1	0	0	0	0	0	0	2	0	0	0	1	0	0	0	0	0	0	0	0	0	0	0	1	0	0	1	0	0
OTU_588	0	0	0	0	0	0	0	0	2	0	0	0	0	0	0	0	1	0	0	0	0	0	0	1	0	0	0	0	2	2	1	0	0	0	0	0	0	0	2	0	0	0	0	1	0	0	0	0	0
OTU_589	0	0	0	0	0	0	0	0	0	0	0	0	0	5	0	0	0	0	0	0	0	0	0	0	0	0	0	1	1	0	0	1	0	0	0	1	0	0	2	0	0	0	0	0	0	0	1	0	0
OTU_590	0	0	0	0	0	0	0	0	0	0	0	0	0	0	0	0	1	0	0	0	0	0	1	1	0	0	0	1	1	0	0	0	0	0	0	1	0	0	0	0	0	0	0	0	0	0	2	0	0
OTU_591	0	0	0	0	0	0	2	0	1	0	0	0	1	0	0	0	0	2	0	0	0	0	1	3	1	0	0	0	1	0	0	1	1	0	0	1	1	0	0	0	0	0	0	0	0	0	0	0	0
OTU_592	0	0	0	0	0	0	0	0	0	0	0	0	0	0	0	0	0	0	0	0	0	0	0	1	0	0	0	0	0	1	0	3	3	0	0	0	0	0	0	0	0	0	0	0	0	0	0	0	0
OTU_594	0	0	0	0	0	0	0	0	0	0	0	0	0	0	0	0	0	0	0	0	0	0	0	0	0	0	0	0	0	1	0	0	0	0	0	1	2	3	0	1	0	0	0	0	0	0	0	0	0
OTU_596	0	0	0	11	0	0	0	0	0	0	0	0	0	0	0	0	0	0	0	0	0	0	0	0	0	0	0	0	0	0	0	0	0	0	0	0	0	0	0	0	0	0	0	0	0	0	0	0	0
OTU_597	0	0	0	1	0	0	0	0	0	0	0	0	0	0	0	0	1	0	0	0	0	1	0	1	0	1	2	1	0	2	0	0	1	0	0	0	0	0	0	0	0	0	0	0	0	0	0	0	0
OTU_598	0	0	0	27	0	0	0	0	0	0	0	0	12	0	0	0	2	0	0	0	0	0	0	0	0	2	0	0	1	1	0	1	0	2	0	1	0	0	0	0	0	0	0	0	0	0	0	0	0
OTU_599	0	0	0	0	0	9	0	0	0	0	0	0	0	0	0	0	0	0	0	1	0	0	0	0	0	0	0	0	0	0	0	0	0	1	0	0	0	0	0	0	0	0	0	0	0	0	0	0	0
OTU_600	0	0	0	0	0	0	1	1	1	0	0	2	1	0	0	1	0	2	0	1	1	1	0	1	1	2	0	1	1	2	0	1	0	1	1	1	0	0	0	0	0	0	1	0	0	0	0	0	0
OTU_602	0	0	0	0	0	0	0	0	2	0	0	0	0	0	0	1	0	1	0	0	0	0	1	0	0	0	0	0	0	0	1	0	0	0	0	0	0	1	0	0	0	0	0	0	0	0	0	0	0
OTU_603	0	0	0	0	0	0	0	0	2	0	0	0	0	0	0	0	0	0	0	0	0	1	0	0	0	0	0	0	0	1	0	1	0	0	0	1	0	0	0	1	0	0	0	0	0	0	0	0	0
OTU_604	6	1	3	34	19	7	72	63	64	10	2	34	31	25	2	96	60	82	0	61	43	46	64	45	33	60	28	54	65	32	43	64	39	43	66	42	32	5	3	4	25	0	14	26	8	1	11	5	0
OTU_605	0	0	0	0	0	0	0	0	0	0	0	9	0	0	0	0	0	0	0	0	0	0	0	0	0	0	0	0	0	0	0	0	0	0	0	0	0	0	0	0	0	0	0	0	0	0	0	0	0
OTU_606	0	0	0	0	0	0	1	0	0	0	0	2	0	0	0	2	1	1	0	2	2	1	1	2	3	3	1	3	2	2	0	0	2	3	0	0	0	0	0	0	0	0	0	0	0	0	0	0	0
OTU_607	0	0	0	0	0	0	0	0	1	0	0	0	7	0	0	0	0	0	0	0	0	0	0	0	0	0	0	0	0	0	0	0	0	0	0	0	0	0	0	0	0	0	0	0	0	0	0	0	0
OTU_608	5	0	0	1	2	2	3	0	0	2	1	7	9	0	0	6	3	4	0	6	8	1	9	6	7	8	5	6	9	8	2	8	6	3	7	6	5	0	0	2	0	0	0	1	2	0	0	0	0
OTU_609	0	0	0	0	0	0	0	0	0	0	0	0	12	0	0	0	0	0	0	0	0	0	0	0	0	0	0	0	0	0	0	0	0	0	0	0	0	0	0	0	0	0	0	0	0	0	0	0	0
OTU_611	0	0	0	0	0	0	0	0	0	0	0	0	6	0	0	0	0	0	0	0	0	0	0	0	0	1	0	1	0	0	0	0	0	0	0	0	0	0	0	0	0	0	0	0	0	0	0	0	0
OTU_613	0	0	1	1	0	1	6	3	3	3	0	10	11	0	0	34	4	32	0	9	7	1	10	3	5	8	5	4	4	5	2	3	9	3	4	3	7	2	0	3	6	0	0	1	0	0	1	0	0
OTU_615	0	0	0	0	0	0	0	0	0	0	0	0	0	11	0	0	0	0	0	0	0	0	0	0	0	0	0	0	0	0	0	0	0	0	0	0	0	0	0	0	0	0	0	0	0	0	0	0	0
OTU_616	0	0	0	0	0	0	2	1	0	0	0	0	0	0	0	0	0	0	0	0	0	0	0	0	0	0	0	1	0	0	0	0	0	0	0	0	0	0	0	1	0	0	6	0	0	0	0	0	0
OTU_617	0	0	0	0	0	0	0	0	0	0	0	0	0	0	0	0	0	0	0	0	0	0	0	0	0	0	1	0	0	0	0	0	1	0	0	0	0	0	0	0	0	0	0	0	12	0	0	0	0
OTU_618	0	0	0	0	0	0	0	0	0	0	0	0	0	0	0	0	0	0	0	0	0	0	0	0	0	0	0	0	0	0	0	0	0	0	0	0	0	0	0	0	0	0	0	0	8	0	0	0	0
OTU_619	0	0	0	0	0	0	1	0	1	0	0	3	3	1	0	3	1	8	0	1	0	1	3	0	1	0	1	2	1	2	0	1	0	0	1	1	3	0	0	0	1	0	1	1	0	0	0	1	0
OTU_620	0	0	0	0	2	0	0	0	0	0	0	0	0	0	0	0	0	0	0	0	0	0	0	1	0	0	0	0	0	2	0	0	0	0	0	1	0	0	0	0	0	0	0	0	0	0	0	2	0
OTU_621	0	0	0	0	0	0	0	0	0	0	0	0	0	0	0	0	0	0	0	0	0	0	0	0	0	0	0	0	0	0	0	0	0	0	0	0	0	0	0	0	0	0	0	0	0	0	10	0	0
OTU_622	0	0	0	0	0	0	0	0	0	0	0	0	0	0	0	0	0	0	0	0	0	0	0	0	0	0	0	0	0	0	0	0	0	0	0	0	0	0	0	0	0	0	0	0	0	0	14	0	0
OTU_623	0	0	0	0	0	0	0	0	0	0	0	0	0	0	0	0	0	0	0	0	3	0	0	1	0	0	1	0	0	0	0	0	3	0	2	1	0	0	0	0	0	0	0	0	0	0	2	0	0
OTU_625	0	0	0	0	0	0	0	0	0	0	0	0	0	0	0	0	0	0	0	1	4	0	1	0	0	0	1	0	2	1	0	0	1	0	2	0	0	0	0	0	0	0	0	0	0	0	0	0	0
OTU_627	0	0	0	0	0	0	0	0	0	0	0	0	0	0	0	0	0	0	0	0	1	0	0	0	0	0	1	0	0	3	0	1	0	0	0	0	2	0	1	1	0	0	0	0	0	0	0	0	0
OTU_628	0	1	1	3	0	2	1	4	4	0	0	5	5	5	0	6	4	10	0	7	11	14	13	14	18	9	12	9	10	14	9	9	16	10	10	8	11	0	0	0	2	0	1	1	2	1	2	0	0
OTU_632	0	0	0	0	1	0	3	1	1	0	0	6	1	3	0	10	1	13	0	3	10	5	9	11	3	10	8	7	8	6	8	13	6	3	5	12	4	0	0	0	0	0	0	0	1	0	3	1	0
OTU_633	0	0	0	0	0	0	3	0	0	0	0	0	0	0	0	0	0	0	0	0	0	0	0	0	0	0	0	0	0	2	0	0	0	0	0	0	0	0	0	0	0	0	0	0	0	0	0	0	0
OTU_634	0	0	0	0	0	0	1	0	0	0	0	4	0	0	0	0	1	0	0	0	0	0	0	0	0	0	1	0	0	0	0	0	0	0	0	0	0	0	0	0	0	0	0	0	0	0	0	0	0
OTU_635	0	0	0	0	6	0	0	0	0	0	0	0	1	0	0	0	0	0	0	0	0	0	0	0	0	1	0	0	0	0	0	0	0	0	0	0	0	0	0	0	0	0	0	0	0	0	0	0	0
OTU_637	0	0	0	0	8	0	0	0	0	0	0	0	0	0	0	0	0	0	0	0	0	0	0	0	0	0	0	0	0	0	0	0	0	0	0	0	0	0	0	0	0	0	0	0	0	0	0	0	0
OTU_639	0	0	0	0	0	0	0	6	0	0	0	0	0	0	0	0	0	0	0	0	0	0	0	0	0	0	0	0	0	0	0	0	0	1	0	0	0	0	0	0	0	0	0	0	0	0	0	0	0
OTU_640	0	0	0	0	0	7	0	0	0	0	0	0	0	0	0	0	0	0	0	0	0	0	0	0	0	0	0	0	0	0	0	0	0	0	0	0	0	0	0	1	0	0	0	0	0	0	0	0	0
OTU_641	0	0	0	0	0	0	0	1	0	0	0	0	0	0	0	0	0	0	0	0	0	0	1	2	0	0	0	0	0	1	1	0	0	0	0	1	0	0	0	0	0	0	0	0	0	0	0	0	0
OTU_642	0	0	0	0	0	0	0	0	5	0	0	0	0	0	0	0	0	0	0	0	0	0	0	0	1	0	0	0	0	0	0	0	1	0	0	0	0	0	0	0	0	0	0	0	0	0	0	0	0
OTU_643	0	0	0	0	0	0	0	1	0	0	0	0	0	0	0	0	0	0	0	0	0	0	0	1	0	0	0	2	0	0	0	0	0	0	0	0	0	2	0	0	0	0	0	0	0	0	0	0	0
OTU_644	0	0	0	0	0	0	0	0	0	0	0	0	5	0	0	0	2	0	0	0	0	0	0	0	0	0	0	0	0	1	0	0	0	0	0	0	0	0	0	0	0	0	0	0	0	0	0	0	0
OTU_645	0	0	0	0	0	0	0	0	3	0	0	0	0	0	0	0	0	0	0	0	0	0	0	0	0	2	0	0	0	0	0	0	0	0	0	0	0	0	0	0	0	0	0	0	0	0	0	0	0
OTU_646	0	0	0	0	0	0	1	0	0	0	0	0	0	0	0	0	3	0	0	0	0	0	0	0	1	0	0	0	0	0	0	0	0	0	0	0	0	0	0	0	0	0	0	0	0	0	0	0	0
OTU_647	0	0	0	0	0	0	0	0	0	0	0	0	0	0	0	0	5	0	0	0	0	0	0	0	0	0	0	0	0	0	0	0	0	0	0	0	0	0	0	0	0	0	0	0	0	0	0	0	0
OTU_648	0	0	0	0	0	0	0	0	0	0	0	0	0	0	0	0	1	0	0	0	0	2	0	0	0	0	0	0	0	0	1	0	0	0	0	0	0	0	1	0	0	0	0	0	0	0	0	0	0
OTU_649	0	0	0	0	0	0	0	0	0	0	0	0	0	0	0	0	0	0	0	0	0	0	0	0	0	0	0	0	0	0	0	1	0	0	0	1	1	0	0	0	0	0	5	0	0	0	0	0	0
OTU_650	0	0	0	5	0	0	0	0	0	0	0	0	0	0	0	0	0	0	0	0	0	0	0	0	0	0	0	0	1	0	0	0	0	0	0	2	0	0	1	0	1	0	0	0	0	0	0	0	0
OTU_651	0	0	0	0	0	0	2	0	0	0	0	0	0	0	0	0	0	0	0	0	0	1	0	0	0	0	1	0	0	0	0	0	0	0	0	0	0	0	0	0	1	0	4	0	0	0	0	0	0
OTU_652	0	0	0	0	0	0	0	0	0	0	0	0	0	0	0	0	0	0	0	0	0	0	0	0	0	0	0	0	0	0	2	0	0	0	0	0	0	0	0	1	0	0	2	0	0	0	1	0	0
OTU_653	0	0	0	0	0	0	1	0	1	0	0	0	1	0	0	0	0	3	0	0	0	0	0	0	0	0	0	0	0	1	0	1	0	0	2	0	1	0	0	0	0	0	0	0	0	0	0	0	0
OTU_654	0	0	0	0	0	0	0	0	0	0	0	0	0	0	0	0	0	3	0	0	0	2	1	0	0	1	1	0	1	3	0	1	1	2	1	1	0	0	0	0	0	0	0	1	0	0	0	0	0
OTU_656	0	0	0	0	0	0	0	0	0	0	0	0	0	0	0	0	0	0	0	0	0	0	0	0	0	1	0	0	0	1	0	0	0	0	0	0	0	0	0	0	0	0	4	0	0	0	0	0	0
OTU_657	0	0	0	0	0	0	0	0	0	0	0	0	0	0	0	0	0	0	0	0	1	0	0	0	0	0	0	0	0	0	0	0	0	0	0	0	0	0	0	0	0	0	0	0	6	0	0	0	0
OTU_658	0	0	0	0	0	0	0	0	0	0	0	0	0	0	0	0	0	0	0	0	2	1	0	2	0	0	0	0	0	0	0	0	0	0	0	2	0	0	0	0	0	0	3	0	0	0	0	0	0
OTU_659	0	0	0	0	0	0	0	2	0	0	0	0	0	0	0	0	0	0	0	0	0	0	0	0	0	0	0	0	0	0	0	0	0	0	0	0	0	0	0	0	1	0	0	2	0	0	1	0	0
OTU_660	0	0	0	0	0	0	0	0	0	0	0	0	0	0	0	0	0	0	0	0	0	0	0	0	0	0	0	0	0	0	0	0	0	0	0	0	0	0	0	0	0	0	0	0	0	0	0	17	0
OTU_661	0	0	0	0	0	0	0	0	0	0	0	0	0	0	0	0	0	0	0	0	2	0	1	2	0	0	0	0	0	0	0	0	0	0	0	0	0	0	0	0	0	0	0	0	0	0	0	0	0
OTU_662	0	0	0	0	0	0	0	2	0	0	0	0	0	0	0	0	1	0	0	0	0	0	0	0	0	0	0	0	0	1	0	0	0	0	0	0	1	0	0	0	0	0	0	0	0	0	1	0	0
OTU_663	0	0	0	0	0	0	0	0	0	0	0	0	0	0	0	0	0	0	0	0	0	0	0	0	0	1	0	0	0	0	0	0	2	0	0	0	0	0	1	0	0	0	0	0	0	0	1	0	0
OTU_664	0	0	0	0	0	0	0	0	0	0	0	0	0	0	0	0	0	0	0	0	0	1	1	1	1	0	0	0	0	0	0	1	1	0	0	0	0	0	0	0	0	0	0	0	0	0	2	0	0
OTU_665	0	0	0	0	0	0	0	0	0	0	0	0	1	0	0	1	0	2	0	0	1	1	3	1	2	0	0	1	3	3	1	0	0	0	0	5	1	0	0	0	0	0	0	0	0	0	0	0	0
OTU_666	0	0	0	0	0	0	0	0	0	0	0	0	0	0	0	0	0	0	0	0	0	0	1	1	2	0	1	0	0	0	0	0	4	1	0	0	0	0	0	0	0	0	0	0	0	0	0	0	0
OTU_667	0	0	0	0	0	0	0	0	0	0	0	0	0	0	0	0	1	0	0	0	0	0	0	1	1	3	1	1	0	1	0	2	0	0	0	1	0	0	0	0	0	0	0	0	0	0	0	0	0
OTU_668	0	0	0	0	0	0	1	0	0	0	0	0	2	0	0	0	0	0	0	0	0	0	0	0	0	0	0	0	0	0	0	0	0	0	0	0	0	0	1	0	0	0	0	0	0	0	0	0	0
OTU_669	0	0	0	0	0	0	0	0	0	0	0	0	0	0	0	0	0	0	0	0	0	0	0	1	0	0	0	0	0	0	0	2	0	0	1	1	0	1	0	0	0	0	0	0	0	0	0	0	0
OTU_674	1	1	0	0	1	1	3	3	1	1	0	0	3	1	0	2	0	0	0	3	0	2	0	1	0	0	0	0	1	3	1	2	3	0	2	0	0	1	0	0	0	0	0	1	0	0	0	0	0
OTU_675	1	0	0	1	1	0	0	1	1	1	0	1	0	1	0	0	1	1	0	0	0	0	0	1	0	0	1	1	0	0	0	0	0	0	0	0	0	0	0	0	0	0	0	0	1	0	0	0	0
OTU_676	0	0	0	19	0	0	2	0	0	0	0	0	0	0	0	0	3	0	0	0	1	1	1	0	0	1	0	0	0	0	0	0	1	0	0	2	0	0	0	2	0	0	0	1	0	0	0	0	0
OTU_677	0	0	0	0	0	7	0	0	0	0	0	0	0	0	0	0	0	0	0	0	0	0	0	0	0	0	0	0	0	0	1	0	0	0	0	0	0	0	0	0	0	0	0	0	0	0	0	0	0
OTU_678	0	0	0	0	8	0	0	0	0	0	0	0	0	0	0	0	0	0	0	0	0	0	0	0	0	0	0	0	0	0	0	0	0	0	0	0	0	0	0	2	0	0	0	0	0	0	0	0	0
OTU_679	0	0	0	0	0	2	0	0	1	0	0	0	0	0	0	0	0	0	0	0	1	0	1	0	0	0	0	0	0	2	0	0	1	0	0	0	0	0	0	0	0	0	0	1	0	0	0	0	0
OTU_681	0	0	0	0	0	0	0	1	0	0	0	0	0	0	0	0	0	0	0	0	0	0	0	0	0	0	1	0	0	1	1	0	0	0	0	0	0	0	0	0	0	0	0	0	0	0	0	0	0
OTU_682	0	0	0	0	0	0	0	4	0	0	0	0	0	0	0	0	0	0	0	0	0	0	0	0	0	0	0	0	0	0	0	0	0	0	0	2	0	0	0	0	0	0	0	0	0	0	0	0	0
OTU_683	0	0	0	0	0	0	0	0	1	0	0	0	0	0	0	0	0	1	0	0	0	0	0	0	0	0	2	1	0	0	0	0	0	0	0	0	0	0	0	0	0	0	0	0	0	0	0	0	0
OTU_685	0	0	0	0	0	0	0	0	3	0	0	0	0	0	0	0	0	1	0	0	0	0	0	0	0	0	0	0	0	0	0	0	0	0	0	0	0	0	0	0	0	0	0	0	0	0	0	0	0
OTU_686	0	0	1	0	0	1	0	0	1	2	0	2	0	1	0	0	0	0	0	0	0	0	0	1	0	2	2	0	0	0	0	1	1	0	1	1	0	0	1	0	0	0	0	0	0	0	0	0	1
OTU_688	0	0	0	0	0	0	0	0	3	0	0	1	0	0	0	0	1	1	0	0	0	0	0	1	0	1	0	0	0	2	0	0	0	0	0	0	0	0	0	0	0	0	0	0	0	0	0	0	0
OTU_689	0	0	0	1	0	0	0	0	0	0	0	0	0	0	2	2	0	0	0	0	0	0	0	0	0	0	0	0	0	0	0	0	0	0	1	0	0	0	0	0	0	0	0	0	0	0	0	0	0
OTU_690	0	0	0	0	0	0	0	0	1	0	0	0	0	0	0	0	3	0	0	0	0	0	1	0	0	0	0	0	0	0	1	0	0	0	0	0	1	0	0	1	0	0	0	0	0	0	0	0	0
OTU_691	0	0	0	2	1	2	14	10	13	2	0	5	16	4	0	16	12	14	0	11	10	10	20	7	10	8	6	14	23	12	10	9	6	17	12	8	6	0	1	1	3	0	2	4	1	0	2	0	0
OTU_693	5	1	0	14	11	4	11	20	11	6	0	14	16	14	4	8	18	14	0	7	14	11	8	12	7	12	15	14	9	9	11	13	24	7	7	12	8	5	0	3	7	0	4	7	6	3	6	3	0
OTU_694	0	0	0	1	0	1	0	1	1	0	0	2	0	0	0	3	1	5	0	1	0	0	1	0	2	1	0	0	0	0	0	2	0	0	2	0	1	0	0	1	0	0	0	1	0	0	1	0	0
OTU_695	0	0	0	0	6	0	2	2	2	0	23	28	3	0	0	5	3	6	0	1	1	2	2	4	4	3	4	2	2	3	1	4	1	0	0	0	0	3	3	0	0	0	0	1	0	0	0	0	0
OTU_696	0	0	0	0	0	0	0	0	0	0	0	35	0	0	0	0	0	0	0	1	0	0	0	0	0	0	0	0	0	0	0	0	0	0	0	0	0	0	0	0	0	0	0	0	0	0	0	0	0
OTU_697	0	0	0	0	0	0	0	0	0	0	0	0	0	0	0	0	5	0	0	0	0	0	0	0	0	0	0	0	0	0	0	0	0	0	0	0	0	0	0	0	0	0	0	0	0	0	0	0	0
OTU_699	0	0	0	0	0	3	2	1	3	0	0	3	2	0	0	3	2	2	0	0	2	2	0	2	2	1	1	0	0	1	0	1	5	1	3	3	1	1	1	1	1	0	3	0	2	0	2	2	0
OTU_700	0	0	0	0	0	0	0	0	0	0	0	0	0	5	0	0	0	0	0	0	0	0	0	0	0	0	0	0	0	0	0	0	0	0	0	0	1	0	0	0	0	0	0	0	0	0	0	0	0
OTU_701	0	0	0	0	0	0	0	0	0	0	0	0	0	9	0	0	0	0	0	0	0	0	0	0	0	0	0	0	0	0	0	0	0	0	0	0	0	0	0	0	0	0	0	0	0	0	0	0	0
OTU_702	0	0	0	0	0	0	0	0	0	0	0	0	0	0	0	0	1	0	0	0	0	0	0	0	0	0	0	2	1	0	0	0	0	0	0	0	0	0	0	0	0	0	0	0	0	0	0	0	0
OTU_703	0	0	0	0	0	0	0	0	0	0	0	0	0	0	0	0	1	0	0	0	0	0	0	2	0	0	0	0	0	0	0	0	2	0	0	0	0	0	0	0	0	0	0	0	0	0	0	0	0
OTU_704	0	0	0	0	0	0	0	2	0	0	0	0	0	0	0	0	1	0	0	0	0	0	2	0	0	0	0	0	0	0	0	0	0	1	0	0	0	0	0	0	0	0	0	0	0	0	0	0	0
OTU_705	0	0	0	0	0	0	0	0	0	0	0	0	0	0	0	0	1	0	0	0	0	0	1	0	0	0	1	1	0	0	0	0	0	0	0	1	1	0	1	0	0	0	0	0	0	0	0	0	0
OTU_706	0	0	0	0	0	0	0	0	0	0	0	0	0	0	0	0	1	0	0	0	1	0	0	1	2	0	1	1	0	0	1	0	2	1	0	0	1	0	1	0	0	0	0	0	0	0	0	0	0
OTU_707	0	0	0	0	0	0	0	0	0	0	0	0	0	0	0	0	0	0	0	0	0	1	0	1	0	0	1	0	0	0	0	0	1	0	0	0	0	0	0	0	1	0	1	0	0	0	0	0	0
OTU_708	0	0	0	0	0	0	3	0	0	0	0	0	0	0	0	0	0	0	0	0	0	0	1	0	0	0	0	0	1	0	0	0	1	0	0	0	0	0	0	1	1	0	0	0	0	0	0	0	0
OTU_709	0	0	0	0	0	0	0	0	0	0	0	0	0	0	0	0	0	1	0	0	2	0	1	0	1	1	0	0	0	1	0	1	1	0	1	1	1	0	0	0	0	0	0	0	0	0	0	0	0
OTU_710	0	0	0	0	0	0	0	0	0	0	0	0	0	0	0	0	0	0	0	0	0	0	0	0	1	0	0	0	0	0	0	0	0	0	1	0	0	0	0	1	0	0	3	0	0	0	0	0	0
OTU_711	0	0	0	0	0	0	1	0	0	0	0	0	0	0	0	0	0	0	0	0	0	1	0	0	0	0	0	0	0	0	0	0	0	0	0	0	0	0	1	0	0	0	2	0	0	0	0	0	0
OTU_712	0	0	0	0	0	0	0	0	0	0	0	0	0	0	0	0	0	0	0	0	0	0	0	0	0	0	0	0	0	1	0	1	0	0	0	1	0	0	0	0	0	0	0	1	0	0	1	0	0
OTU_713	3	0	1	0	4	0	2	0	0	0	0	3	5	3	0	1	5	2	0	3	5	0	0	2	0	2	1	1	2	4	2	1	1	5	1	1	2	0	0	0	3	0	1	0	1	0	1	2	0
OTU_715	0	0	0	1	1	0	0	0	0	0	0	0	1	0	0	1	0	1	0	0	0	0	3	0	2	2	1	4	0	3	0	3	0	1	2	1	2	0	1	0	1	0	0	0	0	0	1	0	0
OTU_716	0	0	0	0	0	0	0	1	0	0	0	0	0	0	0	0	0	0	0	0	0	0	0	0	0	0	2	2	0	1	0	0	1	0	0	0	0	0	0	1	0	0	0	0	0	0	2	0	0
OTU_718	0	0	0	0	0	0	0	0	0	0	0	0	2	2	0	4	0	2	0	3	1	0	3	2	1	1	2	0	2	0	0	2	2	2	1	5	0	0	0	0	0	0	0	0	0	0	2	2	0
OTU_721	0	0	0	0	0	0	0	0	0	0	0	0	0	0	0	0	0	0	0	0	0	0	0	0	0	0	0	0	0	0	0	0	0	0	0	0	0	6	0	0	0	0	0	0	0	0	0	0	0
OTU_722	0	0	0	0	0	0	0	0	0	0	0	0	0	0	0	0	0	0	0	1	1	0	0	0	0	0	2	0	0	0	1	2	0	0	0	0	0	0	0	0	0	0	0	0	0	0	0	0	0
OTU_723	0	0	0	0	0	0	0	0	0	0	0	0	0	0	0	0	0	0	0	2	0	0	0	0	0	1	0	0	0	0	0	1	0	1	0	1	0	0	0	0	0	0	0	0	0	0	0	0	0
OTU_724	0	0	0	0	0	0	0	0	0	0	0	0	0	0	0	0	0	0	0	0	1	0	0	0	1	1	0	1	0	0	0	0	0	0	0	0	0	1	0	0	1	0	0	0	0	0	0	0	0
OTU_725	0	0	0	0	0	0	0	0	0	0	0	0	0	0	0	0	0	0	0	0	0	1	0	0	0	2	0	0	0	0	0	0	1	1	0	0	0	0	0	0	0	0	0	0	0	0	0	0	0
OTU_726	0	0	0	0	0	0	0	0	0	0	0	0	0	0	0	1	0	0	0	0	0	1	1	0	1	0	0	0	0	0	1	0	1	0	0	1	0	0	0	0	0	0	0	0	0	0	0	0	0
OTU_727	0	0	0	0	0	0	0	1	0	0	0	0	2	0	0	2	0	2	0	3	0	0	2	1	1	1	0	0	1	4	1	1	1	0	1	0	0	0	0	0	0	0	0	0	0	0	0	0	0
OTU_728	0	0	0	0	0	0	0	0	0	0	0	0	0	0	0	0	0	0	0	1	0	0	0	3	0	0	0	0	0	1	0	0	0	0	0	1	0	0	0	1	0	0	2	0	0	0	0	0	0
OTU_729	0	0	0	0	0	0	0	0	0	0	0	0	0	0	0	0	0	0	0	0	0	0	0	2	0	0	0	0	0	2	0	0	1	0	0	0	0	0	0	0	0	0	0	0	0	0	0	0	0
OTU_730	0	0	0	0	1	1	2	1	1	1	0	6	2	0	0	3	0	1	0	3	7	2	4	3	0	4	5	1	4	8	3	6	4	1	3	3	1	1	0	0	0	0	0	0	0	0	0	2	0
OTU_731	0	0	0	0	0	0	0	1	0	0	0	0	0	0	0	0	0	0	0	0	0	0	0	0	0	1	0	0	0	0	2	0	1	0	0	0	0	0	2	0	0	0	0	0	0	0	0	0	0
OTU_732	0	0	0	0	0	0	0	0	0	0	0	0	0	0	0	0	0	0	0	0	0	0	0	2	0	0	0	0	0	0	0	0	1	0	0	1	1	0	0	1	0	0	0	0	0	0	0	0	0
OTU_734	0	0	0	0	0	0	0	0	0	0	0	0	0	0	0	0	0	0	0	0	0	0	0	0	0	1	0	1	0	0	0	0	1	0	0	1	0	0	1	0	0	0	0	0	0	0	0	0	0
OTU_735	0	1	2	4	1	1	4	6	8	0	0	6	5	3	0	7	8	7	0	7	6	1	2	9	6	8	3	11	10	6	3	9	9	5	5	10	3	1	0	0	2	0	1	1	0	0	0	0	0
OTU_736	0	0	0	0	0	0	0	0	0	0	0	0	0	0	0	0	1	0	0	0	1	0	0	0	1	1	0	1	0	0	0	3	1	0	0	0	0	0	0	0	0	0	0	0	0	0	3	0	0
OTU_737	0	0	1	3	2	2	10	4	9	2	0	6	2	2	0	13	8	19	0	20	25	28	18	25	20	24	13	30	10	25	19	22	26	22	17	25	21	0	3	0	4	0	3	2	5	0	4	2	0
OTU_738	0	0	0	0	0	0	0	0	0	0	0	0	0	0	0	0	0	0	0	0	0	0	0	0	0	0	1	1	0	0	0	1	0	0	0	0	0	0	0	1	0	0	0	0	0	0	0	0	0
OTU_739	0	0	0	0	0	0	0	0	0	0	0	0	0	0	0	0	1	0	0	0	0	0	0	0	0	0	0	0	1	0	0	0	0	1	1	0	0	1	1	0	0	0	0	0	0	0	2	0	0
OTU_740	2	5	5	18	12	8	28	30	23	7	2	23	34	8	2	11	15	21	0	18	31	22	32	24	23	26	37	31	18	39	20	29	40	27	11	26	19	1	6	2	6	0	12	10	14	1	14	7	0
OTU_741	0	0	0	0	0	0	0	0	0	0	0	0	0	0	0	0	0	0	0	0	0	0	0	0	0	0	0	0	0	0	0	0	2	0	0	2	0	0	0	0	0	0	0	0	0	0	0	0	0
OTU_742	0	0	0	0	0	0	1	0	1	0	0	0	0	0	0	0	0	0	0	0	1	0	0	0	0	0	0	0	0	0	0	0	1	0	0	0	1	0	0	2	0	0	0	0	0	0	0	0	0
OTU_743	0	0	0	0	0	0	2	0	0	0	0	0	0	0	0	0	0	0	0	0	0	0	0	0	0	0	0	0	0	0	0	0	0	0	0	1	1	0	0	0	0	0	4	0	0	0	0	0	0
OTU_744	0	0	1	1	0	0	0	0	0	0	0	0	0	0	1	0	0	0	0	0	0	0	0	0	0	0	0	0	0	0	0	0	0	0	0	0	0	0	0	0	0	0	0	0	0	0	0	0	0
OTU_745	0	0	0	7	0	0	0	0	0	0	0	0	0	0	0	0	0	0	0	0	0	0	0	0	0	0	0	0	0	0	0	0	0	0	0	0	0	0	0	0	0	0	0	0	0	0	0	0	0
OTU_746	0	0	0	6	0	0	0	0	0	0	0	0	0	0	0	0	0	0	0	0	0	0	0	0	0	0	0	0	0	0	0	0	0	0	0	0	0	0	0	0	0	0	0	0	0	0	0	0	0
OTU_747	0	0	0	0	7	0	0	0	0	0	0	0	0	0	0	0	0	0	0	0	0	0	1	0	0	0	0	0	0	1	0	0	1	0	0	0	0	1	0	0	0	0	0	0	0	0	0	0	0
OTU_748	0	0	0	4	0	0	0	0	0	0	0	0	0	0	0	0	0	0	0	0	0	0	0	0	0	0	0	0	0	0	0	0	0	0	0	0	0	0	0	0	0	0	0	0	0	0	0	0	0
OTU_749	0	0	0	0	6	0	0	0	0	0	0	0	0	0	0	0	0	0	0	0	0	0	0	0	0	0	0	0	0	0	0	0	0	0	0	0	0	0	0	0	0	0	0	0	0	0	0	0	0
OTU_751	0	0	0	3	0	2	0	0	0	0	0	0	0	0	0	0	0	1	0	0	2	1	0	0	1	0	1	0	0	0	0	0	1	0	0	1	0	0	0	0	0	0	0	0	0	0	0	0	0
OTU_752	0	0	0	0	6	0	0	0	0	0	0	0	0	0	0	0	0	0	0	0	0	0	0	0	0	0	0	0	0	0	0	0	0	0	0	0	0	0	0	0	0	0	0	0	0	0	0	0	0
OTU_753	0	0	0	0	0	5	0	0	0	0	0	0	0	0	0	0	0	0	0	0	0	0	0	0	0	0	0	0	0	0	0	0	0	0	0	0	0	0	0	0	0	0	0	0	0	0	0	0	0
OTU_754	0	0	0	0	0	7	0	0	0	0	0	0	0	0	0	0	0	0	0	0	0	0	0	0	0	0	0	0	0	0	0	0	0	0	0	0	0	0	0	0	0	0	0	0	0	0	0	0	0
OTU_755	0	0	0	0	0	6	0	0	0	0	0	0	0	0	0	0	0	0	0	0	0	0	0	0	0	0	0	0	0	0	0	0	0	0	0	0	0	0	0	0	0	0	0	0	0	0	0	0	0
OTU_756	0	0	0	0	0	0	0	3	0	0	0	0	0	0	0	0	2	0	0	0	0	0	0	0	0	1	0	0	0	0	0	0	0	0	0	0	0	0	0	0	0	0	0	0	0	0	0	0	0
OTU_757	0	0	0	0	0	0	0	3	0	0	0	0	0	0	0	0	0	0	0	0	0	0	0	0	0	0	0	0	0	0	0	0	0	0	0	0	0	0	0	0	0	0	0	0	0	1	0	0	0
OTU_758	0	0	0	0	0	0	1	1	1	0	0	0	0	0	0	0	1	0	0	0	0	0	0	0	0	0	0	0	0	0	0	0	0	1	0	0	0	0	0	0	0	0	0	0	0	0	0	0	0
OTU_759	0	0	0	0	0	0	0	1	0	0	0	0	0	0	0	0	0	0	0	0	0	0	0	0	1	0	0	0	0	0	0	0	0	0	1	1	0	0	0	0	0	0	0	0	0	0	0	0	0
OTU_760	0	0	0	0	0	0	0	3	0	0	0	0	0	0	0	0	0	0	0	0	0	0	0	0	0	0	1	1	0	0	0	1	0	0	0	0	0	0	0	0	0	0	0	0	0	0	0	0	0
OTU_761	0	0	0	0	0	0	0	1	0	0	0	0	0	0	0	0	0	0	0	0	0	0	0	0	0	0	4	0	0	0	0	0	0	0	0	0	0	0	0	0	0	0	0	0	0	0	0	0	0
OTU_762	0	0	0	0	0	0	0	2	0	0	0	0	0	0	0	0	0	0	0	0	1	1	0	0	0	0	0	0	0	0	0	0	0	0	0	0	0	0	1	0	0	0	0	0	0	0	0	0	0
OTU_763	0	0	0	0	0	0	0	0	0	0	0	1	0	0	0	2	1	1	0	0	0	0	0	0	0	0	0	0	0	0	1	0	0	0	0	0	1	0	0	0	0	0	0	0	0	0	0	0	0
OTU_764	0	0	0	0	0	0	0	4	0	0	0	0	0	0	0	0	0	0	0	0	0	1	1	0	1	0	0	0	0	2	0	0	0	0	0	1	1	0	1	0	0	0	0	0	0	0	0	0	0
OTU_765	0	0	0	0	0	0	0	0	3	0	0	0	0	0	0	0	0	0	0	0	0	0	0	0	0	0	1	0	0	0	0	0	0	0	0	0	0	0	0	0	0	0	0	0	0	0	0	0	0
OTU_766	0	0	0	0	0	0	0	4	0	0	0	0	0	0	0	0	0	2	0	0	0	0	0	0	0	0	0	0	0	1	0	0	0	0	3	0	0	0	0	0	0	0	0	0	0	0	0	0	0
OTU_767	0	0	0	0	0	0	0	0	3	0	0	0	0	0	0	0	0	0	0	0	0	0	0	0	0	0	0	0	0	0	0	0	0	0	0	0	0	0	0	0	0	0	0	0	0	0	0	0	0
OTU_768	0	0	0	2	0	0	1	3	1	0	0	0	5	0	0	4	0	1	0	2	1	1	1	1	2	0	1	0	1	2	1	0	1	3	1	1	0	0	0	0	0	0	0	0	0	0	0	0	0
OTU_769	0	0	0	0	0	0	0	0	0	0	0	0	0	0	0	0	2	0	0	0	0	0	0	0	0	0	0	0	0	1	0	0	0	0	0	0	0	0	0	0	0	0	0	0	0	0	0	0	0
OTU_770	0	0	0	0	0	0	0	0	0	0	0	2	0	0	0	0	0	0	0	0	0	0	0	0	1	0	0	1	0	0	0	1	1	0	0	0	0	0	1	0	0	0	0	0	0	0	2	0	0
OTU_771	0	0	0	0	0	0	0	0	0	0	0	1	0	0	0	0	0	0	0	0	0	1	1	0	1	0	0	0	1	1	0	0	0	0	1	1	0	0	0	0	0	0	0	0	0	0	0	0	0
OTU_772	0	0	0	0	0	0	0	1	0	0	0	0	0	0	0	0	2	0	0	0	0	1	0	0	0	0	0	1	0	0	0	0	0	0	0	0	0	0	0	1	0	0	1	0	0	0	0	0	0
OTU_773	0	0	0	0	0	0	0	0	0	0	0	0	13	0	0	0	0	0	0	0	0	0	0	1	0	0	0	0	0	0	1	0	0	0	0	1	0	0	0	0	0	0	0	0	0	0	0	0	0
OTU_774	0	0	0	0	0	0	0	0	0	0	0	0	0	0	0	0	2	0	0	0	0	1	1	1	1	1	1	0	0	1	0	1	0	0	0	1	0	0	0	1	0	0	0	0	0	0	0	0	0
OTU_775	0	0	0	0	0	0	0	0	0	0	0	0	0	0	0	0	1	0	0	0	1	1	0	0	0	0	0	0	0	0	0	0	0	0	0	0	0	0	0	0	0	0	0	0	0	0	0	0	0
OTU_776	0	0	0	0	0	0	0	0	0	0	0	0	0	0	0	0	1	0	0	0	0	0	0	1	0	0	0	0	0	0	1	0	0	0	0	0	1	0	0	1	0	0	0	0	0	0	0	0	0
OTU_777	0	0	0	0	0	0	0	0	0	0	0	0	0	0	0	0	0	0	0	0	0	0	0	0	0	0	0	0	0	0	0	0	0	0	0	0	0	0	0	0	0	0	7	0	0	0	0	0	0
OTU_778	0	0	0	0	0	0	0	0	0	0	0	0	0	0	0	0	0	0	0	0	1	0	0	0	0	0	0	0	0	0	0	0	1	0	0	0	0	1	0	0	0	0	0	1	0	0	0	0	0
OTU_779	0	0	0	0	0	0	0	0	0	0	0	0	0	0	0	0	0	0	0	0	0	0	0	0	0	0	0	0	0	0	0	0	0	0	0	0	0	0	0	0	0	0	5	0	0	0	0	0	0
OTU_780	0	0	0	0	0	0	0	0	0	0	0	0	0	0	0	0	0	0	0	0	0	0	1	1	0	0	0	0	0	0	0	0	0	2	0	1	0	0	0	0	3	0	0	0	0	0	0	0	0
OTU_781	0	0	0	0	0	0	0	0	0	0	0	0	0	0	0	0	1	0	0	0	0	0	0	0	0	0	0	0	0	0	0	0	0	0	0	0	0	0	0	0	0	0	2	0	0	0	0	0	0
OTU_782	0	0	0	0	0	0	0	0	0	0	0	0	0	0	0	0	0	0	0	0	0	0	0	0	0	0	0	0	0	0	0	0	0	0	0	2	0	0	0	0	0	0	0	0	0	0	2	0	0
OTU_783	0	0	0	0	0	0	0	0	0	0	0	0	0	0	0	0	0	0	0	1	0	0	1	0	0	0	2	0	0	0	0	0	1	0	0	0	0	0	0	0	0	0	0	0	0	0	0	0	0
OTU_784	0	0	0	0	0	0	0	0	0	0	0	0	0	0	0	0	0	0	0	0	1	0	0	0	0	0	1	0	0	0	0	1	1	0	0	0	0	0	0	0	0	0	3	0	0	0	0	0	0
OTU_785	0	0	0	0	0	0	0	0	0	0	0	0	0	0	0	0	0	0	0	0	2	0	0	0	1	0	0	0	0	0	1	0	0	0	0	0	0	0	0	0	0	0	0	0	0	0	0	0	0
OTU_786	0	0	0	0	0	0	0	0	0	0	0	0	0	0	0	0	0	0	0	0	2	0	0	0	0	0	0	0	0	0	0	0	0	0	0	1	0	0	0	0	0	0	0	0	0	0	0	0	0
OTU_787	0	0	0	0	0	0	0	0	0	0	0	0	0	0	0	0	0	1	0	0	1	0	1	0	0	0	0	0	0	0	0	0	0	0	1	2	0	1	0	0	0	0	0	0	0	0	0	0	0
OTU_788	0	0	0	0	0	0	0	0	0	0	0	0	0	0	0	0	0	0	0	0	0	0	2	0	0	0	1	0	0	0	0	1	0	0	0	0	0	0	0	0	0	0	0	0	0	0	0	0	0
OTU_789	0	0	0	0	0	0	0	1	0	0	0	0	1	0	0	1	0	0	0	0	0	0	2	0	1	0	2	1	2	3	1	1	0	0	1	0	1	0	0	0	0	0	0	0	0	0	0	0	0
OTU_790	0	0	0	0	0	0	0	0	0	0	0	0	0	0	0	0	0	0	0	0	1	0	0	0	0	1	0	0	0	0	0	0	2	0	0	0	0	0	0	0	0	0	0	0	0	0	0	0	0
OTU_791	0	0	0	0	0	0	0	0	0	0	0	0	0	0	0	0	0	0	0	0	0	0	0	1	0	0	0	0	0	0	0	0	0	1	0	0	1	0	0	2	0	0	0	0	0	0	0	0	0
OTU_792	0	0	0	0	0	0	0	0	0	0	0	0	0	0	0	0	1	3	0	0	0	0	2	1	0	1	0	0	0	1	0	1	0	0	1	1	0	0	0	0	0	0	0	1	0	0	1	0	0
OTU_793	0	0	0	0	0	0	0	0	0	0	0	0	0	0	0	0	0	0	0	0	0	0	0	0	0	0	2	0	0	1	0	0	0	0	1	0	0	0	0	0	0	0	0	0	0	0	0	0	0
OTU_794	0	0	0	0	0	0	0	0	0	0	0	0	0	0	0	0	0	0	0	0	0	0	0	0	1	1	1	0	0	0	0	0	0	0	0	0	0	0	0	0	1	0	0	0	0	0	0	0	0
OTU_795	0	0	0	0	0	0	0	0	0	0	0	0	0	0	0	0	0	0	0	0	0	0	0	0	0	1	0	0	0	0	2	0	0	0	0	0	0	0	0	0	0	0	0	0	0	0	0	0	0
OTU_796	0	0	0	0	0	0	0	0	0	0	0	0	0	0	0	0	0	0	0	0	0	0	0	0	0	0	0	0	0	0	0	0	3	0	0	0	0	0	0	0	0	0	0	0	0	0	0	0	0
OTU_797	0	0	0	0	0	0	1	1	0	0	0	0	0	0	0	0	0	0	0	0	0	0	0	0	0	0	0	0	0	0	0	0	0	0	0	0	0	0	0	0	0	0	0	0	0	0	0	0	0
OTU_798	0	0	0	0	0	0	0	0	0	0	0	0	0	0	0	0	0	0	0	0	0	0	0	0	0	0	0	0	0	0	2	0	0	2	0	0	0	0	0	0	0	0	0	0	0	0	0	0	0
OTU_799	0	0	0	0	0	0	1	0	0	0	0	0	0	0	0	0	0	0	0	0	0	0	0	0	0	1	0	0	0	1	0	0	0	1	0	0	0	0	0	0	0	0	0	0	0	0	0	0	0
OTU_800	0	0	0	0	0	0	0	0	0	0	0	0	0	0	0	0	0	0	0	0	0	0	0	0	0	0	0	0	0	0	0	0	0	0	0	0	3	0	0	0	0	0	0	0	0	0	0	0	0
OTU_801	0	0	0	0	0	0	2	0	0	0	0	0	0	0	0	0	0	0	0	0	0	0	0	0	0	0	0	0	0	0	0	0	0	0	0	0	0	0	0	0	0	0	0	0	0	0	0	0	0
OTU_802	0	0	0	0	0	0	2	0	0	0	0	0	0	0	0	0	0	0	0	0	0	0	0	0	0	0	0	0	0	0	0	0	0	0	0	0	0	0	0	0	0	0	0	0	0	0	0	0	0
OTU_803	0	0	0	0	0	0	4	0	0	0	0	0	0	0	0	0	0	0	0	0	1	0	0	0	0	0	0	0	0	0	0	0	0	0	0	0	0	0	0	0	0	0	0	0	0	0	0	0	0
OTU_804	0	0	0	0	0	0	1	0	0	0	0	0	0	0	0	0	2	0	0	0	0	0	0	0	0	0	0	0	0	0	0	0	0	0	0	0	0	0	0	0	0	0	0	0	0	0	0	0	0
OTU_805	0	0	0	0	0	0	1	0	0	0	0	0	0	0	0	0	0	0	0	0	0	0	0	0	0	0	0	0	0	0	0	0	0	0	1	0	0	0	0	0	0	0	0	0	0	0	0	0	0
OTU_808	0	1	0	0	0	0	0	0	0	0	0	0	0	0	0	0	0	0	0	0	0	0	0	0	0	0	0	0	0	0	0	1	0	0	0	0	0	0	0	0	0	0	0	0	0	0	0	0	0
OTU_809	2	0	0	0	0	0	0	0	0	0	0	0	0	1	0	0	0	0	0	0	0	0	0	0	0	0	0	0	0	0	0	0	0	0	0	0	0	0	0	0	0	0	0	0	0	0	0	0	0
OTU_810	0	0	0	2	0	0	0	0	0	0	0	0	0	0	0	0	0	0	0	0	0	0	0	0	0	0	0	0	0	0	0	1	0	0	0	0	0	0	0	0	0	0	0	0	0	0	1	0	0
OTU_812	0	0	1	0	0	0	0	0	0	0	0	0	0	0	0	0	0	0	0	0	0	0	0	0	0	0	0	0	0	0	0	0	0	1	0	0	0	0	0	0	0	0	0	0	0	0	0	0	0
OTU_813	0	0	0	3	0	0	0	0	0	0	0	0	0	0	0	0	0	0	0	0	0	0	0	0	0	0	0	0	0	0	0	0	0	0	0	0	0	0	0	0	0	0	0	0	0	0	0	0	0
OTU_814	0	0	0	3	0	2	0	0	0	0	0	0	0	0	0	0	1	0	0	0	0	0	0	0	0	0	0	0	0	1	0	0	0	0	0	0	0	1	0	0	0	0	0	0	0	0	0	0	0
OTU_815	0	0	0	2	0	0	0	0	0	0	0	0	0	0	0	0	0	0	0	0	0	0	0	0	0	0	0	0	0	0	0	0	0	0	0	0	0	0	0	0	0	0	0	0	0	0	0	0	0
OTU_817	0	0	0	0	4	0	0	0	0	0	0	0	0	0	0	0	0	1	0	0	2	0	0	1	0	0	0	0	0	1	0	0	0	0	0	0	0	0	0	0	0	0	0	0	0	0	0	0	0
OTU_819	0	0	0	0	3	0	2	0	1	0	0	4	0	0	0	0	1	5	0	4	1	1	1	5	3	2	0	3	0	0	1	4	2	0	0	0	0	0	1	0	1	0	0	1	1	0	1	0	0
OTU_820	0	0	0	0	1	0	0	0	0	0	0	1	0	0	0	0	0	0	0	0	0	0	0	0	0	0	0	0	0	0	0	0	0	0	0	0	0	0	0	0	0	0	0	0	0	0	0	0	0
OTU_822	0	0	0	0	3	0	0	0	0	3	0	0	0	0	0	0	0	0	0	0	0	0	0	0	0	0	0	0	0	0	0	0	0	0	0	0	0	0	0	0	0	0	0	0	0	0	0	0	0
OTU_823	0	0	0	0	0	5	0	0	0	0	0	0	0	0	0	0	0	0	0	0	0	0	0	0	0	0	0	0	0	0	0	0	0	0	0	0	0	0	0	0	0	0	0	0	0	0	0	0	0
OTU_824	0	0	0	0	0	1	0	0	0	0	0	0	0	0	0	0	0	0	0	0	0	0	0	0	1	0	0	2	0	0	0	0	0	0	0	0	0	0	0	0	0	0	0	0	0	0	0	0	0
OTU_825	0	0	0	0	0	0	0	1	0	0	0	0	0	0	0	0	0	0	0	0	0	0	0	0	0	0	0	2	0	0	0	1	1	0	0	0	0	0	0	0	0	0	0	0	0	0	1	0	0
OTU_826	0	0	0	0	0	0	0	3	0	0	0	0	0	0	0	0	0	0	0	0	0	0	0	1	0	0	0	0	0	0	0	0	0	0	0	0	0	0	1	0	0	0	0	0	0	0	0	0	0
OTU_827	0	0	0	0	0	0	0	2	0	0	0	1	0	0	0	0	0	1	0	2	0	0	1	0	0	0	0	0	0	0	0	1	0	0	0	0	0	0	0	0	0	0	0	0	0	0	0	0	0
OTU_828	0	0	0	0	0	0	0	2	0	0	0	0	0	0	0	0	0	0	0	0	0	0	0	0	0	0	0	0	0	0	0	0	0	0	0	0	0	0	0	0	0	0	0	0	0	0	0	0	0
OTU_829	0	0	0	0	0	0	0	0	2	0	0	0	0	0	0	0	0	0	0	0	0	0	0	0	0	0	0	0	0	0	0	0	0	0	0	0	0	0	0	0	0	0	0	0	0	0	0	0	0
OTU_830	0	0	0	0	0	0	0	0	2	0	0	0	0	0	0	0	0	0	0	0	0	0	0	0	0	0	0	0	0	0	0	0	0	0	0	0	0	0	0	0	0	0	0	0	0	0	0	0	0
OTU_831	0	0	0	0	0	0	0	1	0	0	0	0	0	0	0	0	0	0	0	0	0	0	0	0	0	0	0	0	0	0	1	0	0	0	0	0	0	0	0	0	0	0	0	0	0	0	0	0	0
OTU_832	0	0	0	0	0	0	0	3	0	0	0	0	0	0	0	0	0	0	0	0	0	0	0	0	0	0	0	0	0	0	0	0	0	0	0	0	0	0	0	0	0	0	0	0	0	0	0	0	0
OTU_833	0	0	0	0	0	0	0	0	7	0	0	0	0	0	0	0	0	0	0	0	0	0	0	3	0	0	1	0	0	0	0	0	0	0	0	0	0	0	0	0	0	0	0	0	0	0	0	0	0
OTU_834	0	0	0	0	0	0	0	0	2	0	0	0	0	0	0	0	0	0	0	0	0	0	0	0	0	0	0	0	0	0	0	0	0	0	0	0	0	0	0	0	0	0	0	0	0	0	0	0	0
OTU_835	0	0	0	0	0	0	0	0	1	0	0	0	0	0	0	0	0	0	0	1	0	0	0	0	0	0	0	0	0	0	0	0	0	0	0	0	0	0	0	0	0	0	0	0	0	0	0	0	0
OTU_836	0	0	0	0	0	0	0	0	1	0	0	0	0	0	0	0	0	0	0	0	0	0	0	0	0	0	0	0	0	0	0	0	0	0	0	0	0	1	0	0	0	0	0	0	0	0	0	0	0
OTU_837	0	0	0	0	0	0	0	0	1	0	0	1	0	0	0	0	0	0	0	1	0	0	0	0	0	1	0	0	0	0	0	0	0	0	0	0	0	0	0	0	0	0	0	0	0	0	0	0	0
OTU_838	0	0	0	0	0	0	0	0	0	0	0	0	0	1	0	1	0	0	0	0	0	0	0	0	0	0	0	1	0	0	0	0	0	0	0	0	0	0	0	0	0	0	0	0	0	0	0	0	0
OTU_839	0	0	0	0	0	0	0	0	0	0	0	0	0	0	0	2	0	0	0	0	0	0	0	0	0	0	0	0	0	0	0	0	0	0	0	0	0	0	0	0	0	0	0	0	0	0	0	0	0
OTU_840	0	0	0	0	0	0	1	0	0	0	0	0	0	0	0	1	0	0	0	0	0	0	0	0	0	1	0	0	0	0	0	0	0	0	0	0	0	0	0	0	0	0	0	0	0	0	1	0	0
OTU_841	0	0	0	0	0	0	0	0	0	0	0	0	0	0	0	1	0	0	0	0	0	0	0	0	0	0	0	0	0	1	0	0	0	0	0	0	0	0	0	0	0	0	0	0	0	0	0	0	0
OTU_842	0	0	0	1	0	1	3	0	1	0	0	0	0	0	0	2	0	2	0	2	0	2	0	2	0	2	1	2	2	1	0	2	0	1	1	1	0	1	0	0	0	0	0	1	0	0	0	0	0
OTU_845	0	0	0	0	0	0	0	0	1	0	0	1	0	0	0	0	0	0	0	0	0	0	0	0	1	0	0	1	0	0	0	0	0	0	1	0	0	0	0	0	0	0	0	0	0	0	0	0	0
OTU_846	0	0	0	0	7	0	3	3	3	0	0	35	0	19	0	1	1	0	0	6	9	6	4	12	5	8	12	7	5	13	5	11	9	4	6	6	5	1	6	2	0	0	4	0	8	0	2	0	0
OTU_847	4	0	1	0	0	0	1	0	1	1	0	2	0	0	1	0	0	1	0	0	0	0	0	0	0	0	2	0	0	0	0	2	0	0	0	1	0	0	0	0	0	0	0	0	0	0	0	0	0
OTU_848	7	2	6	7	17	0	6	17	7	15	2	27	28	6	7	7	11	6	0	5	12	6	6	7	1	5	9	8	7	8	5	8	12	5	4	9	6	4	1	2	1	0	4	2	3	1	5	1	0
OTU_850	0	0	0	0	0	0	0	0	0	0	0	0	3	0	0	0	0	0	0	0	0	0	0	0	0	0	0	0	0	0	0	0	1	0	0	0	0	0	0	0	0	0	0	0	0	0	0	0	0
OTU_851	0	0	0	0	0	0	0	0	0	0	0	0	6	0	0	0	0	0	0	0	0	0	0	0	0	0	0	0	0	0	0	0	0	0	0	0	0	0	0	0	0	0	0	0	0	0	0	0	0
OTU_852	0	0	0	0	0	0	0	0	0	0	0	0	2	0	0	0	0	0	0	0	0	0	0	0	0	0	0	0	0	0	0	0	0	0	1	0	0	0	0	0	0	0	0	0	0	0	0	0	0
OTU_853	0	0	0	0	0	0	0	0	0	0	0	1	2	0	0	0	0	0	0	0	0	0	0	0	0	0	0	0	0	0	0	0	0	0	0	0	0	0	0	0	0	0	0	0	0	0	0	0	0
OTU_854	0	0	0	0	0	0	0	0	1	0	0	0	3	0	0	1	0	0	0	0	0	0	1	1	1	3	0	1	3	0	0	1	0	0	1	4	0	0	0	0	0	0	0	0	0	0	0	0	0
OTU_855	0	0	0	0	0	0	0	0	0	0	0	0	2	0	0	1	0	0	0	0	0	0	0	0	0	0	0	0	0	0	0	0	0	0	0	0	0	0	0	0	0	0	0	0	0	0	0	0	0
OTU_856	1	0	0	0	0	0	0	0	0	1	0	0	2	0	0	2	1	1	0	0	3	0	2	1	0	1	0	0	1	1	2	1	2	0	2	1	0	0	0	0	0	0	0	0	0	0	0	0	0
OTU_857	3	7	1	8	4	4	5	2	0	6	3	8	6	9	2	3	3	4	0	0	0	3	1	0	5	1	3	1	1	2	2	3	1	2	0	1	2	0	0	0	1	0	4	2	2	0	0	2	0
OTU_858	0	0	0	0	0	0	0	0	0	0	0	0	0	5	0	0	0	0	0	0	0	0	0	0	0	0	0	0	0	0	0	0	0	0	0	0	0	0	0	0	0	0	0	0	0	0	0	0	0
OTU_859	0	0	0	0	0	0	0	0	0	0	0	0	0	3	0	0	0	0	0	0	0	0	0	0	0	0	0	0	0	0	0	0	0	0	0	0	0	0	0	0	0	0	0	0	0	0	0	0	0
OTU_862	0	0	0	0	0	0	0	0	0	0	0	0	0	0	0	0	3	0	0	0	0	0	0	0	0	0	0	0	1	0	0	0	0	0	0	0	0	0	0	0	0	0	0	0	0	0	0	0	0
OTU_863	0	0	0	0	0	0	0	0	0	0	0	0	0	2	0	1	0	0	0	0	0	0	0	0	0	0	0	0	0	0	0	0	0	0	0	1	0	0	0	0	0	0	0	0	0	0	0	0	0
OTU_864	0	0	0	0	0	0	0	1	0	0	0	2	0	0	2	1	0	1	0	0	0	0	0	0	0	0	0	0	2	0	0	0	0	0	0	0	0	0	0	0	0	0	0	0	0	0	0	0	0
OTU_865	0	0	0	0	0	1	0	0	0	1	0	0	1	0	1	0	0	0	0	0	0	0	0	0	0	0	0	1	0	0	0	0	0	0	0	0	0	0	0	0	0	0	0	0	0	0	0	1	0
OTU_866	0	0	0	0	0	0	0	0	0	0	0	0	0	0	0	0	1	0	0	0	0	0	0	1	0	0	0	1	0	0	0	0	0	0	1	0	0	0	0	0	0	0	0	0	0	0	0	0	0
OTU_867	0	0	0	0	0	0	0	0	0	0	0	0	0	0	0	0	3	0	0	0	0	0	0	0	0	0	1	0	0	0	0	0	0	0	1	0	0	0	0	0	0	0	0	0	0	0	0	0	0
OTU_868	0	0	0	0	0	0	0	0	0	0	0	0	0	0	0	0	2	0	0	0	0	0	0	0	0	0	0	0	0	0	0	0	0	0	0	0	0	0	0	0	0	0	0	0	0	0	0	0	0
OTU_869	0	0	0	0	0	0	0	0	0	0	0	0	0	0	0	0	3	0	0	0	1	0	0	0	0	0	0	0	0	0	0	0	0	0	0	0	0	0	0	0	0	0	0	0	0	0	0	0	0
OTU_870	0	0	0	0	0	0	0	0	0	0	0	0	0	0	0	0	4	0	0	0	0	0	0	0	0	0	0	0	0	0	0	0	0	0	0	0	0	0	0	0	0	0	0	0	0	0	0	0	0
OTU_871	0	0	0	0	0	0	0	0	0	0	0	0	0	0	0	0	1	0	0	0	0	0	0	1	0	0	0	0	0	0	0	0	0	0	0	0	0	0	0	0	0	0	0	0	0	0	0	0	0
OTU_872	0	0	0	0	0	0	0	0	0	0	0	0	1	2	0	0	3	0	0	1	1	0	0	1	1	0	2	0	1	3	1	0	1	0	0	2	0	0	0	0	0	0	0	0	0	0	1	0	0
OTU_873	0	0	0	2	0	0	6	4	2	0	0	1	4	1	0	5	4	7	0	8	4	6	12	10	15	12	7	14	6	8	4	8	7	3	6	5	7	0	0	0	1	0	0	3	0	0	0	0	0
OTU_874	0	0	0	0	0	0	1	1	1	0	0	0	0	0	0	0	1	3	0	3	1	0	1	2	1	0	3	1	0	0	0	4	1	2	1	0	0	0	0	0	0	0	0	1	0	0	1	0	0
OTU_875	0	0	0	0	0	0	0	0	0	0	0	0	0	0	0	0	0	0	0	0	0	0	0	0	0	0	0	0	0	0	0	0	0	0	0	0	0	0	0	0	2	0	0	0	0	0	0	0	0
OTU_876	0	0	0	0	0	0	0	0	0	0	0	0	0	0	0	0	0	1	0	1	0	0	0	0	0	0	0	0	0	0	1	0	0	0	0	0	0	0	0	0	0	0	0	0	0	0	0	0	0
OTU_877	1	0	0	0	0	0	0	0	0	0	0	0	0	0	0	0	0	2	0	0	0	0	0	0	0	2	0	0	0	0	0	0	1	0	0	0	0	0	0	0	0	0	0	0	0	0	0	0	0
OTU_878	0	0	0	0	0	0	0	0	0	0	0	0	0	0	0	0	0	0	0	0	0	0	0	0	0	0	0	0	0	0	0	0	0	0	0	0	0	0	0	0	2	0	0	0	0	0	0	0	0
OTU_879	0	0	0	0	0	0	0	1	0	0	0	0	0	0	0	0	0	0	0	0	1	0	0	0	0	0	0	0	0	0	0	0	0	0	0	0	0	0	0	0	2	0	0	0	0	0	0	0	0
OTU_880	0	0	0	0	0	0	0	0	1	0	0	0	0	0	0	0	0	0	0	0	0	0	0	0	0	0	0	0	0	0	0	0	0	0	0	0	0	0	0	0	2	0	0	0	0	0	0	0	0
OTU_881	0	0	0	0	0	0	0	0	0	0	0	0	0	0	0	0	0	0	0	0	0	1	0	0	0	0	0	0	0	0	0	0	0	0	0	0	0	0	0	0	1	0	0	0	0	0	0	0	0
OTU_882	0	0	0	0	0	0	1	0	0	0	0	0	1	0	0	0	0	1	0	1	1	1	0	0	0	0	0	1	0	0	0	0	0	0	1	1	0	0	0	0	2	0	0	0	0	0	0	0	0
OTU_883	0	0	0	0	0	0	0	0	0	0	0	0	0	0	0	0	0	0	0	0	0	0	0	0	0	0	0	0	0	0	0	0	0	0	0	0	0	0	0	0	0	0	2	0	0	0	0	0	0
OTU_884	0	0	0	0	0	0	0	0	0	0	0	0	0	0	0	0	0	0	0	0	0	0	0	0	0	0	0	1	0	0	0	0	1	0	0	0	0	0	0	0	0	0	2	0	0	0	0	0	0
OTU_885	0	0	0	0	0	0	0	0	0	0	0	0	0	0	0	0	0	0	0	0	0	0	0	0	0	0	0	0	0	0	0	0	0	0	0	0	0	0	0	0	0	0	0	2	0	0	0	0	0
OTU_886	0	0	0	0	0	0	0	0	0	0	0	0	0	0	0	0	0	0	0	0	0	0	0	0	0	0	0	0	0	0	0	0	0	0	0	0	0	0	0	0	0	0	0	2	0	0	0	0	0
OTU_887	0	0	0	0	0	0	0	0	0	0	0	0	0	0	0	0	0	0	0	0	0	0	0	0	0	0	0	0	0	0	0	0	1	0	0	0	0	0	0	0	0	0	0	1	0	0	0	0	0
OTU_888	0	0	0	0	0	0	0	0	0	0	0	0	0	0	0	0	0	0	0	0	0	0	0	0	0	0	0	0	0	0	0	0	0	0	0	0	0	0	0	0	0	0	0	0	2	0	0	0	0
OTU_890	0	0	0	0	0	0	0	0	0	1	0	0	1	0	0	0	1	3	0	0	0	1	0	0	0	0	0	0	0	0	1	1	0	1	0	0	1	0	0	0	0	0	0	0	2	0	0	0	0
OTU_891	0	0	0	0	0	0	0	0	2	0	0	0	0	0	0	0	0	0	0	0	0	0	0	0	0	0	0	0	0	0	0	0	0	0	0	0	0	0	0	0	0	0	0	0	0	0	3	0	0
OTU_892	0	0	0	0	0	0	0	0	0	0	0	0	0	0	0	0	1	0	0	0	0	0	0	0	0	0	0	0	0	0	0	0	0	0	0	0	0	0	0	0	0	0	0	0	0	0	2	0	0
OTU_893	0	0	0	0	0	0	0	0	0	0	0	0	0	0	0	0	0	0	0	0	0	0	0	0	0	0	0	0	0	0	0	0	0	0	1	0	0	0	0	0	0	0	0	0	0	0	2	0	0
OTU_894	0	0	0	0	0	0	0	0	0	0	0	0	0	0	0	0	0	0	0	0	0	0	0	0	0	0	0	0	0	0	0	0	0	0	0	0	0	0	0	0	0	0	0	0	0	0	2	0	0
OTU_895	0	0	0	0	0	0	0	1	2	0	0	0	6	0	0	1	2	1	0	0	0	1	1	0	0	0	1	1	1	1	0	0	0	0	0	0	1	0	0	0	0	0	0	0	3	0	1	8	0
OTU_896	0	0	0	0	0	0	0	0	0	0	0	0	0	0	0	0	0	0	0	0	2	0	0	0	0	0	0	0	0	0	0	0	0	0	0	0	0	0	0	0	0	0	0	0	0	0	1	0	0
OTU_897	0	0	0	0	0	0	0	0	0	0	0	0	0	0	0	0	0	0	0	0	0	0	0	0	0	0	0	0	0	0	0	0	0	2	0	0	0	0	0	0	0	0	0	0	0	0	1	0	0
OTU_898	0	0	0	0	0	0	0	0	0	0	0	0	0	0	0	0	0	0	0	0	0	0	0	0	0	0	0	2	0	0	0	0	0	0	0	0	1	0	0	0	0	0	0	0	0	0	1	0	0
OTU_899	0	0	0	0	0	0	0	0	0	0	0	0	0	0	0	0	0	0	0	0	0	0	0	0	0	0	0	0	0	0	0	0	0	0	0	0	0	0	0	0	0	0	0	0	0	0	0	3	0
OTU_901	0	0	0	0	0	0	0	0	0	0	0	0	0	0	0	0	0	0	0	0	0	0	0	0	0	0	0	0	0	0	0	0	0	0	0	0	0	3	0	0	0	0	0	0	0	0	0	0	0
OTU_902	0	0	0	0	0	0	1	0	0	0	0	0	0	0	0	0	0	0	0	0	0	0	0	0	1	0	0	0	0	0	0	0	0	0	0	0	0	2	0	0	0	0	0	0	0	0	0	0	0
OTU_904	0	0	0	0	0	0	0	0	0	0	0	0	0	0	0	0	0	0	0	0	0	0	0	0	0	1	0	0	0	0	0	0	0	0	0	0	0	2	0	0	0	0	0	0	0	0	0	0	0
OTU_905	0	0	0	0	0	0	0	0	0	0	0	0	0	0	0	0	0	0	0	0	0	0	0	0	0	0	0	0	0	0	0	0	0	0	0	0	0	2	0	0	0	0	0	0	0	0	0	0	0
OTU_906	0	0	0	0	0	0	0	0	0	0	0	0	0	0	0	0	0	0	0	0	0	0	0	0	0	0	1	0	0	0	0	0	0	0	0	0	0	0	2	0	0	0	0	0	0	0	0	0	0
OTU_909	0	0	0	0	0	0	0	0	0	0	0	0	0	0	0	0	0	0	0	0	0	0	0	0	0	0	0	0	0	0	0	0	0	0	0	0	0	0	5	0	0	0	0	0	0	0	0	0	0
OTU_911	0	0	0	0	0	0	0	0	0	0	0	0	0	0	0	0	0	0	0	0	0	0	0	0	0	0	0	0	0	0	0	0	0	0	0	0	0	0	2	0	0	0	0	0	0	0	0	0	0
OTU_912	0	0	0	0	0	0	0	0	0	0	0	0	0	0	0	0	0	0	0	0	0	0	0	0	0	0	0	0	0	0	0	0	0	0	0	0	0	0	0	2	0	0	0	0	0	0	0	0	0
OTU_913	0	0	0	0	0	0	0	0	0	0	0	0	0	0	0	0	0	0	0	1	0	0	0	0	1	0	0	0	0	1	0	0	0	0	0	0	0	0	0	0	0	0	0	0	0	0	0	0	0
OTU_914	0	2	0	6	6	0	9	13	15	0	0	10	9	4	2	5	11	20	0	5	4	5	5	9	4	8	7	6	4	5	3	9	6	6	3	3	4	2	1	0	1	0	6	4	1	0	5	3	0
OTU_915	0	0	0	0	0	0	0	0	0	0	0	0	0	0	0	0	0	0	0	2	0	0	0	0	0	0	0	0	0	0	0	0	0	0	0	0	0	0	0	0	0	0	0	0	0	0	0	0	0
OTU_916	0	0	0	0	0	0	0	0	0	0	0	0	0	0	0	0	0	0	0	2	0	0	0	0	0	0	0	0	0	0	0	0	0	0	0	0	0	0	0	0	0	0	0	0	0	0	0	0	0
OTU_917	0	0	0	0	0	0	0	0	0	0	0	0	0	0	0	0	0	0	0	0	1	0	0	0	0	0	0	0	0	0	0	0	0	1	0	0	0	0	0	0	0	0	0	0	0	0	0	0	0
OTU_919	0	0	0	0	0	0	0	2	0	0	0	0	0	0	0	0	0	0	0	0	2	0	0	0	0	0	0	0	0	0	0	0	0	0	0	1	0	1	0	0	0	0	0	0	0	0	0	0	0
OTU_921	0	0	0	0	0	0	0	0	0	0	0	0	0	0	0	0	0	0	0	0	1	0	0	0	0	0	0	0	0	0	0	0	0	0	0	1	0	0	0	0	0	0	0	0	0	0	0	0	0
OTU_922	0	0	0	0	0	0	0	0	0	0	0	0	0	0	0	0	0	0	0	0	1	0	0	0	0	0	0	0	0	0	0	0	0	0	0	1	0	0	0	0	0	0	0	0	0	0	0	0	0
OTU_923	0	0	0	0	0	0	0	0	0	0	0	0	0	0	0	0	0	0	0	0	3	0	0	0	0	0	0	0	0	0	0	0	0	0	0	0	0	0	0	0	0	0	0	0	0	0	0	0	0
OTU_924	0	0	0	1	0	0	0	1	0	0	0	0	1	0	0	0	0	1	0	0	2	0	0	0	0	2	0	0	0	0	0	0	1	0	0	0	0	0	0	0	0	0	0	0	1	0	0	0	0
OTU_925	0	0	0	0	0	0	0	0	0	0	0	0	0	0	0	0	0	0	0	0	0	1	0	0	1	0	0	0	0	0	0	0	0	0	0	0	0	0	0	0	0	0	0	0	0	0	0	0	0
OTU_927	0	0	0	0	8	0	1	0	0	0	0	0	0	0	0	0	1	1	0	0	2	1	1	3	1	0	1	1	0	1	0	3	2	0	0	0	0	2	1	0	0	0	0	1	0	0	0	0	0
OTU_928	0	0	0	0	0	0	0	0	0	0	0	0	0	0	0	0	0	0	0	0	0	1	0	0	0	1	0	0	1	0	0	0	0	0	0	0	0	0	0	0	0	0	0	0	0	0	0	0	0
OTU_929	0	0	0	0	0	0	0	0	0	0	0	0	0	0	0	0	0	0	0	0	0	2	0	0	0	0	0	0	0	0	0	0	0	0	0	0	0	0	0	0	0	0	0	0	0	0	0	0	0
OTU_930	0	0	0	0	0	0	0	0	1	0	0	0	0	0	0	0	0	0	0	0	0	0	1	0	0	0	0	0	0	0	0	0	0	0	1	0	0	0	0	0	0	0	0	0	0	0	0	0	0
OTU_931	0	0	0	0	0	0	0	0	0	0	0	0	0	0	0	0	0	0	0	0	0	0	1	0	0	0	3	0	0	0	0	0	0	0	1	0	0	0	0	0	0	0	0	0	0	0	0	0	0
OTU_932	0	0	0	0	0	0	0	0	0	0	0	0	0	0	0	0	0	0	0	0	0	0	2	0	0	0	0	0	0	0	0	0	0	0	0	0	0	0	0	0	0	0	0	0	0	0	0	0	0
OTU_933	0	0	0	0	0	0	0	0	0	0	0	0	0	0	0	0	0	0	0	0	0	0	2	0	0	0	0	0	0	0	0	0	0	0	0	0	0	0	0	0	0	0	0	0	0	0	0	0	0
OTU_934	0	0	0	0	0	0	0	0	0	0	0	0	0	0	0	0	0	0	0	0	0	0	2	0	0	0	0	0	0	0	0	0	1	0	0	0	0	0	0	0	0	0	0	0	0	0	0	0	0
OTU_935	0	0	0	0	0	0	0	0	0	0	0	0	0	0	0	0	0	0	0	0	0	0	0	1	0	0	0	0	0	0	0	0	0	0	0	0	0	1	0	0	0	0	0	0	0	0	0	0	0
OTU_936	0	0	0	0	0	0	0	0	0	0	0	0	0	0	0	0	0	0	0	0	0	0	0	2	0	0	0	0	0	0	0	0	0	0	0	0	0	0	0	0	0	0	0	0	0	0	0	0	0
OTU_937	0	0	0	0	0	0	0	0	0	0	0	0	0	0	0	0	0	0	0	0	0	0	1	1	0	0	1	0	0	0	0	0	0	0	0	0	0	0	0	0	0	0	0	0	0	0	0	0	0
OTU_938	0	0	0	1	0	0	0	1	0	0	0	1	0	0	0	0	0	0	0	0	0	1	0	2	0	0	1	0	1	0	0	0	0	0	0	0	0	0	0	0	0	0	0	0	0	0	0	0	0
OTU_939	0	0	0	0	0	0	0	0	0	0	0	0	0	0	0	0	0	0	0	0	0	0	0	0	1	0	0	0	0	0	0	1	0	0	0	0	0	0	0	0	0	0	0	0	0	0	0	0	0
OTU_940	0	0	0	0	0	0	0	0	0	0	0	0	0	0	0	0	0	0	0	0	0	0	1	0	1	1	1	0	0	0	0	1	0	1	0	1	0	0	0	0	0	0	0	0	0	0	0	0	0
OTU_941	0	0	0	0	0	0	2	0	1	0	0	0	3	0	0	0	0	3	0	11	8	7	8	3	6	3	0	4	1	4	0	5	2	4	6	4	6	0	0	0	2	0	0	0	0	0	0	0	0
OTU_942	0	0	0	0	0	0	0	0	0	0	0	0	0	0	0	0	0	0	0	0	0	0	0	0	0	1	1	0	0	0	0	0	0	0	0	0	0	0	0	0	0	0	0	0	0	0	1	0	0
OTU_943	0	0	0	0	0	0	0	0	0	0	0	0	0	0	0	0	0	0	0	0	0	0	0	0	0	0	2	0	1	0	0	0	0	0	0	1	0	2	0	0	0	0	0	0	0	0	0	0	0
OTU_944	0	0	0	0	0	0	0	0	0	0	0	0	0	0	0	0	0	0	0	0	1	0	0	0	0	0	2	0	0	2	0	0	0	0	0	0	0	0	0	0	0	0	0	0	0	0	0	0	0
OTU_945	0	0	0	0	0	0	0	0	0	0	0	0	0	0	0	0	0	0	0	0	0	0	0	0	0	0	2	0	0	0	0	1	0	0	0	0	0	0	0	0	0	0	0	0	0	0	0	0	0
OTU_946	0	0	0	0	0	0	0	0	1	0	0	0	0	0	0	0	0	0	0	0	0	0	0	0	0	0	2	0	0	0	0	0	0	0	0	0	0	0	0	0	0	0	0	0	0	0	0	0	0
OTU_947	0	0	0	0	0	0	0	0	0	0	0	0	0	0	0	0	0	0	0	0	0	0	0	0	0	0	2	0	0	0	0	0	0	0	0	0	0	0	0	0	0	0	0	0	0	0	0	0	0
OTU_948	0	0	0	0	0	0	0	0	0	0	0	0	0	0	0	0	0	0	0	0	0	0	0	0	0	0	2	0	0	0	0	0	0	0	0	0	0	0	0	0	0	0	0	0	0	0	0	0	0
OTU_949	0	0	0	0	0	0	0	0	0	0	0	0	0	0	0	0	0	0	0	0	0	0	0	0	0	0	2	0	0	0	0	0	0	0	0	0	0	0	0	0	0	0	0	0	0	0	0	0	0
OTU_950	0	0	0	0	0	0	0	0	0	0	0	0	0	0	0	0	0	0	0	0	0	0	0	0	0	0	1	0	0	0	0	0	0	0	0	0	0	0	0	2	0	0	0	0	0	0	0	0	0
OTU_951	0	0	0	0	0	0	0	0	0	0	0	0	0	0	0	0	0	0	0	0	0	0	0	0	0	0	2	0	0	0	0	0	0	0	0	0	0	0	0	0	0	0	0	0	0	0	0	0	0
OTU_952	0	0	0	0	0	0	0	0	0	0	0	0	0	0	0	0	0	0	0	0	0	0	0	0	0	0	3	0	0	0	0	0	0	0	0	0	0	0	0	0	0	0	0	0	0	0	0	0	0
OTU_953	0	0	0	0	0	0	0	0	0	0	0	0	0	0	0	0	0	0	0	0	0	0	0	0	0	0	2	0	0	0	0	1	0	0	0	0	0	0	0	0	0	0	0	0	0	0	0	0	0
OTU_954	0	0	0	0	0	0	0	0	0	0	0	0	0	0	0	0	0	0	0	0	0	0	0	0	0	0	2	0	0	0	0	0	0	0	0	0	0	0	0	0	0	0	0	0	0	0	0	0	0
OTU_955	0	0	0	0	0	0	0	0	0	0	0	0	0	0	0	0	0	0	0	0	0	0	0	0	0	0	2	0	0	0	0	0	0	0	0	0	0	0	1	0	0	0	0	0	0	0	0	0	0
OTU_956	0	0	0	1	0	0	1	0	0	1	0	3	1	0	0	2	1	2	0	6	4	10	3	6	4	3	8	5	4	7	0	4	8	0	0	7	2	0	0	0	0	0	0	0	0	0	0	0	0
OTU_958	0	0	0	0	0	0	0	0	0	0	0	0	0	0	0	0	0	0	0	0	0	0	0	0	0	0	0	1	0	0	0	0	0	0	0	2	0	0	0	0	0	0	0	0	0	0	0	0	0
OTU_959	0	0	0	0	0	0	0	0	0	0	0	0	0	0	0	0	0	0	0	0	0	0	0	0	0	0	0	0	1	0	0	1	0	0	0	0	0	0	0	0	0	0	0	0	0	0	0	0	0
OTU_960	0	0	0	0	0	0	0	0	0	0	0	0	0	0	0	2	0	0	0	1	0	0	0	1	0	1	0	1	0	0	0	0	0	0	0	1	0	0	0	0	0	0	0	1	0	0	0	0	0
OTU_961	0	0	0	0	0	0	0	1	0	0	0	0	0	0	0	0	0	0	0	1	1	2	0	0	2	0	0	1	2	0	0	0	0	1	0	1	0	0	0	0	0	0	0	0	0	0	0	0	0
OTU_962	0	0	0	0	0	0	0	0	0	0	0	0	0	0	0	0	0	0	0	0	0	0	0	0	1	0	0	0	2	0	0	0	0	0	0	0	0	0	0	0	0	0	0	0	0	0	0	0	0
OTU_963	0	0	0	0	0	0	0	0	0	0	0	0	0	0	0	0	0	0	0	0	0	0	0	0	0	0	0	0	0	2	0	0	1	0	0	0	0	0	0	0	0	0	0	0	0	0	0	0	0
OTU_964	0	0	0	0	0	0	0	0	0	0	0	0	0	0	0	0	0	0	0	0	0	0	0	0	0	0	1	1	2	0	0	0	0	0	0	0	0	0	0	0	0	0	0	0	0	0	0	0	0
OTU_965	0	0	0	0	0	0	0	0	0	0	0	0	0	0	0	0	0	0	0	0	0	0	0	0	2	0	0	0	0	1	0	0	0	0	0	0	0	0	1	0	0	0	0	0	0	0	0	0	0
OTU_966	0	0	0	0	0	0	0	0	0	0	0	0	0	0	0	0	0	0	0	1	0	0	0	0	0	0	1	0	0	1	0	0	0	0	0	0	0	1	1	0	0	0	0	0	0	0	1	0	0
OTU_967	0	0	0	0	0	0	0	0	1	0	0	0	0	0	0	1	0	0	0	0	1	3	1	1	2	1	3	0	4	4	1	3	3	0	2	6	0	0	0	0	0	0	0	0	0	0	1	0	0
OTU_968	0	0	0	0	0	0	0	0	0	0	0	0	0	0	0	0	0	0	0	0	0	0	0	0	0	0	1	0	0	2	0	0	0	0	0	0	0	0	0	0	1	0	0	0	0	0	0	0	0
OTU_969	0	0	0	0	0	0	0	0	0	0	0	0	0	0	0	0	0	0	0	0	0	0	0	0	0	0	0	0	0	2	0	0	0	0	0	0	0	0	0	0	0	0	0	0	0	0	0	0	0
OTU_970	0	0	0	0	0	0	0	0	0	0	0	0	0	0	0	0	0	0	0	0	0	0	0	0	0	0	0	0	0	0	2	0	0	0	0	0	0	0	1	0	0	0	0	0	0	0	0	0	0
OTU_971	0	0	0	0	0	0	0	0	0	0	0	0	0	0	0	0	0	0	0	0	0	0	0	0	0	0	0	0	0	4	0	0	0	0	0	1	0	0	0	0	0	0	0	0	0	0	0	0	0
OTU_972	0	0	0	0	0	0	1	0	0	0	0	0	0	0	0	0	2	0	0	0	1	0	0	0	0	0	0	0	0	0	2	0	0	0	0	1	0	0	0	0	0	0	0	0	0	0	0	0	0
OTU_973	0	0	0	0	0	0	0	1	2	1	0	1	0	0	0	0	0	0	0	0	0	0	0	0	1	0	0	0	0	4	0	0	0	2	0	0	2	0	0	0	1	0	0	0	1	0	0	0	0
OTU_974	0	0	0	0	0	0	0	0	0	0	0	0	0	0	0	0	0	0	0	0	0	0	0	0	0	0	0	0	0	0	0	1	0	0	0	0	0	0	1	0	0	0	0	0	0	0	0	0	0
OTU_975	0	0	0	0	0	0	0	0	2	0	0	0	0	0	0	0	0	0	0	1	0	0	0	0	0	0	0	0	0	0	0	2	0	0	0	2	0	0	0	0	0	0	0	0	0	0	0	0	0
OTU_976	0	0	0	0	0	0	0	0	0	0	0	0	0	0	0	0	0	0	0	0	0	0	0	0	0	0	0	0	0	0	0	1	0	0	0	0	0	0	0	1	0	0	0	0	0	0	0	0	0
OTU_977	0	0	0	0	0	0	0	0	0	0	0	0	0	0	0	0	0	0	0	0	0	0	0	0	0	0	0	0	0	0	1	0	0	0	0	0	0	1	0	0	0	0	0	0	0	0	0	0	0
OTU_978	0	0	0	0	0	0	0	0	0	0	0	0	0	0	0	0	0	0	0	0	0	0	0	0	0	0	0	0	0	0	0	0	1	0	0	0	0	1	0	0	0	0	0	0	0	0	0	0	0
OTU_979	0	0	0	0	0	0	0	0	0	0	0	0	0	0	0	0	0	0	0	0	0	0	0	0	0	0	0	1	0	0	0	0	2	0	0	0	0	0	0	0	0	0	0	1	0	0	0	0	0
OTU_980	0	0	0	0	0	0	0	0	0	0	0	0	0	0	0	0	0	0	0	0	0	0	0	0	0	1	0	0	0	0	0	0	1	0	0	0	0	1	0	0	0	0	0	0	0	0	0	0	0
OTU_981	0	0	0	0	0	0	0	0	0	0	0	0	0	0	0	0	0	0	0	0	0	0	0	0	0	0	0	0	0	0	0	0	1	1	0	0	0	0	0	0	0	0	0	0	0	0	0	0	0
OTU_982	0	0	0	0	0	0	0	0	0	0	0	0	0	0	0	0	0	0	0	0	0	0	0	0	0	0	0	0	0	0	0	0	0	0	0	1	0	0	1	0	0	0	0	0	0	0	0	0	0
OTU_983	0	0	0	0	0	0	0	0	0	0	0	0	0	0	0	0	0	0	0	0	0	0	0	0	0	0	0	0	0	0	0	0	0	1	0	2	0	2	0	0	0	0	0	0	0	0	0	0	0
OTU_984	0	0	0	0	0	0	1	0	0	0	0	0	0	0	0	0	0	0	0	0	1	0	0	0	0	0	0	0	0	0	0	0	0	0	2	0	1	0	0	0	0	0	0	0	0	0	0	0	0
OTU_985	0	0	0	0	0	0	0	0	0	0	0	0	0	0	0	0	0	0	0	0	0	0	0	0	0	0	0	0	0	0	0	0	0	0	0	0	2	0	0	0	0	0	0	0	0	0	0	0	0
OTU_986	0	0	0	0	0	0	0	0	0	0	0	0	0	0	0	0	0	0	0	0	0	0	0	0	0	0	0	0	0	0	0	0	0	0	0	0	3	0	0	0	0	0	0	0	0	0	0	0	0
OTU_987	0	0	0	0	0	0	0	0	0	0	0	0	0	0	0	0	0	0	0	0	0	0	0	0	0	0	0	0	0	0	0	0	0	0	0	0	3	0	0	0	0	0	0	0	0	0	0	0	0
OTU_988	0	0	0	0	0	0	0	0	0	0	0	0	0	0	0	0	1	0	0	0	0	0	0	0	0	0	0	0	1	0	0	0	1	0	0	0	2	0	0	0	0	0	0	0	0	0	0	0	0
OTU_989	0	0	0	0	0	0	2	0	0	0	0	0	0	0	0	0	0	0	0	0	0	0	0	0	0	0	0	0	1	0	0	0	0	0	0	0	2	0	0	0	0	0	0	0	0	0	0	0	0
